203.89.126.250,80,Bangladesh - Dhaka,Transparent,HTTP/HTTPS
103.49.202.252,80,Bangladesh - Dhaka,Transparent,HTTP/HTTPS
103.60.161.2,80,Bangladesh - Dhaka,Anonymous,HTTP/HTTPS
103.115.26.254,80,Bangladesh - Chittagong,Transparent,HTTP/HTTPS
103.197.251.202,80,Bangladesh - Barishal,Transparent,HTTP/HTTPS
202.4.116.242,8080,Bangladesh - Dhaka,Transparent,HTTP/HTTPS
103.144.165.86,8080,Bangladesh - Dhaka,Transparent,HTTP/HTTPS
103.221.254.102,48146,Bangladesh,Elite,HTTP/HTTPS
203.112.223.126,8080,Bangladesh - Kendua,Transparent,HTTP/HTTPS
203.80.190.186,8080,Bangladesh,Transparent,HTTP/HTTPS
118.67.221.82,8080,Bangladesh - Dhaka,Transparent,HTTP/HTTPS
115.127.162.170,8080,Bangladesh,Transparent,HTTP/HTTPS
103.78.255.39,8080,Bangladesh - Dhaka,Transparent,HTTP/HTTPS
103.148.178.228,80,Bangladesh - Dhaka,Transparent,HTTP/HTTPS
103.114.98.217,6000,Bangladesh - Lakshmipur,Transparent,HTTP/HTTPS
103.19.130.50,8080,Bangladesh - Dhaka,Transparent,HTTP/HTTPS
180.211.183.2,8080,Bangladesh - Sylhet,Transparent,HTTP/HTTPS
103.250.68.10,8080,Bangladesh - Dhaka,Elite,HTTP/HTTPS
103.109.95.133,8080,Bangladesh - Chittagong,Transparent,HTTP/HTTPS
118.67.219.153,8080,Bangladesh - Dhaka,Transparent,HTTP/HTTPS
180.210.160.7,8080,Bangladesh - Chandna,Transparent,HTTP/HTTPS
103.60.173.114,8080,Bangladesh - Dhaka,Transparent,HTTP/HTTPS
103.205.183.18,55443,Bangladesh - Dhaka,Elite,HTTP/HTTPS
180.210.184.226,8080,Bangladesh - Chandna,Transparent,HTTP/HTTPS
49.0.39.186,8080,Bangladesh - Dhaka,Transparent,HTTP/HTTPS
103.97.161.226,8080,Bangladesh - Magura District,Transparent,HTTP/HTTPS
180.149.235.37,8080,Bangladesh - Dhaka,Transparent,HTTP/HTTPS
103.145.133.22,42325,Bangladesh - Dhaka,Elite,HTTP/HTTPS
139.5.132.245,8080,Bangladesh - Dhaka,Transparent,HTTP/HTTPS
115.127.162.234,8080,Bangladesh,Transparent,HTTP/HTTPS
27.147.193.82,8080,Bangladesh - Natore,Transparent,HTTP/HTTPS
182.160.108.188,8090,Bangladesh - Dhaka,Transparent,HTTP/HTTPS
103.59.176.154,8080,Bangladesh - Dhaka,Transparent,HTTP/HTTPS
103.245.204.214,8080,Bangladesh,Transparent,HTTP/HTTPS
103.109.96.69,8080,Bangladesh - Dhaka,Transparent,HTTP/HTTPS
45.225.123.92,45005,Brazil - Itapicuru,Transparent,HTTP/HTTPS
206.62.64.34,8080,Brazil - Maringá,Transparent,HTTP/HTTPS
201.157.254.26,8080,Brazil - Salvador,Transparent,HTTP/HTTPS
177.128.44.126,6006,Brazil - Canoas,Transparent,HTTP/HTTPS
177.124.184.52,8080,Brazil - Ji Parana,Transparent,HTTP/HTTPS
187.1.57.206,20183,Brazil - Belo Horizonte,Transparent,HTTP/HTTPS
201.91.82.155,3128,Brazil - São Paulo,Transparent,HTTP/HTTPS
138.199.4.151,3128,Brazil - São Paulo,Transparent,HTTP/HTTPS
177.141.99.50,8080,Brazil - São Paulo,Transparent,HTTP/HTTPS
186.208.81.214,3129,Brazil - Coxilha,Elite,HTTP/HTTPS
20.206.106.192,8123,Brazil - Campinas,Elite,HTTP/HTTPS
143.208.156.170,8080,Brazil - Limeira,Transparent,HTTP/HTTPS
200.7.10.158,8080,Brazil - Itumbiara,Elite,HTTP/HTTPS
186.195.82.9,8181,Brazil - Bom Despacho,Transparent,HTTP/HTTPS
187.94.16.59,39665,Brazil - Irece,Elite,HTTP/HTTPS
201.54.179.113,8080,Brazil - Ico,Transparent,HTTP/HTTPS
200.252.32.40,53281,Brazil - Brasília,Elite,HTTP/HTTPS
200.172.255.195,8080,Brazil,Transparent,HTTP/HTTPS
187.115.10.5,20183,Brazil - Recife,Transparent,HTTP/HTTPS
201.28.39.6,3128,Brazil - São Bernardo do Campo,Transparent,HTTP/HTTPS
189.90.255.208,3128,Brazil - Itabira,Transparent,HTTP/HTTPS
177.22.88.224,3128,Brazil - Passo Fundo,Transparent,HTTP/HTTPS
131.72.68.176,40033,Brazil - Itaporanga d'Ajuda,Transparent,HTTP/HTTPS
177.136.32.214,45005,Brazil - Salvador,Transparent,HTTP/HTTPS
192.140.42.83,31511,Brazil - Boa Vista do Jauato,Elite,HTTP/HTTPS
187.94.209.246,3128,Brazil - Alto Caparao,Transparent,HTTP/HTTPS
201.89.89.34,8080,Brazil - Colombo,Transparent,HTTP/HTTPS
200.103.102.18,80,Brazil,Anonymous,HTTP/HTTPS
170.238.112.71,8080,Brazil - Santarém,Transparent,HTTP/HTTPS
177.23.54.10,6006,Brazil - Erval,Transparent,HTTP/HTTPS
168.196.215.16,9999,Brazil - Ipiau,Transparent,HTTP/HTTPS
131.255.134.144,8080,Brazil - Araquari,Transparent,HTTP/HTTPS
167.249.180.42,8080,Brazil - Manaus,Transparent,HTTP/HTTPS
131.72.69.40,45005,Brazil - Nossa Senhora do Socorro,Transparent,HTTP/HTTPS
131.108.118.27,8080,Brazil - Catalao,Elite,HTTP/HTTPS
201.222.45.67,999,Chile - La Pintana,Transparent,HTTP/HTTPS
190.107.224.150,3128,Chile - Santiago,Transparent,HTTP/HTTPS
201.220.102.146,8080,Chile - Talca,Transparent,HTTP/HTTPS
201.222.45.64,999,Chile - La Pintana,Transparent,HTTP/HTTPS
201.222.45.69,999,Chile - La Pintana,Transparent,HTTP/HTTPS
200.111.182.6,443,Chile - Santiago,Transparent,HTTP/HTTPS
201.222.45.65,999,Chile - La Pintana,Transparent,HTTP/HTTPS
216.155.89.66,999,Chile - Paillaco,Transparent,HTTP/HTTPS
190.110.99.219,999,Chile - Copiapó,Transparent,HTTP/HTTPS
190.82.91.203,999,Chile - Santiago,Transparent,HTTP/HTTPS
200.54.16.13,8080,Chile - Santiago,Transparent,HTTP/HTTPS
8.242.207.202,8080,Chile - Santiago,Transparent,HTTP/HTTPS
200.111.115.44,999,Chile - Curicó,Transparent,HTTP/HTTPS
190.196.176.5,60080,Chile - Macul,Elite,HTTP/HTTPS
45.181.122.74,999,Chile - Santiago,Transparent,HTTP/HTTPS
45.160.15.1,999,Chile - Santiago,Transparent,HTTP/HTTPS
200.114.65.15,999,Chile - Los Vilos,Anonymous,HTTP/HTTPS
45.170.100.128,999,Chile - Buin,Transparent,HTTP/HTTPS
181.74.81.195,999,Chile - Limache,Transparent,HTTP/HTTPS
190.110.99.102,999,Chile - Rancagua,Transparent,HTTP/HTTPS
45.166.144.2,999,Chile - Santiago,Transparent,HTTP/HTTPS
190.110.99.104,999,Chile - Rancagua,Transparent,HTTP/HTTPS
201.222.45.68,999,Chile - La Pintana,Transparent,HTTP/HTTPS
170.79.235.3,999,Chile - Santiago,Transparent,HTTP/HTTPS
45.161.115.141,999,Chile - Salamanca,Transparent,HTTP/HTTPS
200.54.101.221,999,Chile - Santiago,Transparent,HTTP/HTTPS
45.181.122.169,999,Chile - Santiago,Transparent,HTTP/HTTPS
186.67.192.246,8080,Chile - Antuco,Transparent,HTTP/HTTPS
190.161.159.25,999,Chile - Maipu,Transparent,HTTP/HTTPS
128.201.119.251,999,Chile - Molina,Transparent,HTTP/HTTPS
45.170.101.2,999,Chile - Buin,Transparent,HTTP/HTTPS
186.67.175.2,999,Chile - Iquique,Transparent,HTTP/HTTPS
200.54.22.74,8080,Chile - Santiago,Transparent,HTTP/HTTPS
186.10.252.90,999,Chile - Rancagua,Transparent,HTTP/HTTPS
45.225.184.177,999,Chile - Melipilla,Transparent,HTTP/HTTPS
106.14.255.124,80,China - Shanghai,Elite,HTTP/HTTPS
8.141.251.188,3128,China - Beijing,Transparent,HTTP/HTTPS
47.92.113.71,80,China - Beijing,Transparent,HTTP/HTTPS
122.9.101.6,8888,China - Guangzhou,Elite,HTTP/HTTPS
39.107.33.254,8090,China - Beijing,Elite,HTTP/HTTPS
58.17.24.162,9091,China - Pingxiang,Elite,HTTP/HTTPS
182.90.224.115,3128,China,Transparent,HTTP/HTTPS
101.200.127.149,3129,China - Beijing,Elite,HTTP/HTTPS
223.112.174.62,9091,China - Changzhou,Elite,HTTP/HTTPS
183.239.61.167,9091,China - Guangzhou,Elite,HTTP/HTTPS
121.22.53.166,9091,China - Qinhuangdao,Elite,HTTP/HTTPS
222.139.156.118,9091,China - Zhengzhou,Elite,HTTP/HTTPS
39.99.54.91,80,China - Beijing,Elite,HTTP/HTTPS
117.157.197.18,3128,China - Beijing,Transparent,HTTP/HTTPS
113.57.84.39,9091,China - Wuhan,Elite,HTTP/HTTPS
112.25.236.167,9091,China - Nanjing,Elite,HTTP/HTTPS
211.142.96.250,9091,China,Elite,HTTP/HTTPS
183.250.163.175,9091,China - Beijing,Elite,HTTP/HTTPS
211.140.132.150,8193,China - Jinhua,Elite,HTTP/HTTPS
114.55.84.12,30001,China - Hangzhou,Elite,HTTP/HTTPS
183.239.62.251,9091,China - Guangzhou,Elite,HTTP/HTTPS
118.212.152.82,9091,China - Jiujiang,Elite,HTTP/HTTPS
117.173.149.211,9091,China - Baihua,Elite,HTTP/HTTPS
27.184.50.158,8089,China - Heping,Elite,HTTP/HTTPS
120.237.144.57,9091,China - Shanghai,Elite,HTTP/HTTPS
120.196.188.21,9091,China - Chancheng,Elite,HTTP/HTTPS
112.250.110.172,9091,China - Bizidian,Elite,HTTP/HTTPS
112.5.56.2,9091,China - Quanzhou,Elite,HTTP/HTTPS
117.158.177.205,9091,China - Laocheng,Elite,HTTP/HTTPS
111.42.175.236,9091,China - Qiqihar,Elite,HTTP/HTTPS
117.158.218.133,9091,China - Nanyang,Elite,HTTP/HTTPS
111.59.194.52,9091,China - Nanning,Elite,HTTP/HTTPS
8.142.142.250,80,China - Beijing,Elite,HTTP/HTTPS
183.239.61.204,9091,China - Guangzhou,Elite,HTTP/HTTPS
183.236.232.160,8080,China - Shenzhen,Elite,HTTP/HTTPS
181.143.37.90,8181,Colombia - Medellín,Transparent,HTTP/HTTPS
152.231.27.33,60080,Colombia - Santiago de Cali,Transparent,HTTP/HTTPS
190.90.242.208,999,Colombia - Ocaña,Transparent,HTTP/HTTPS
152.231.25.195,60080,Colombia - Garzon,Transparent,HTTP/HTTPS
181.129.2.90,8081,Colombia - Caldas,Transparent,HTTP/HTTPS
179.1.129.94,999,Colombia - Ibague,Transparent,HTTP/HTTPS
138.0.91.227,999,Colombia - Pasto,Transparent,HTTP/HTTPS
45.167.126.249,9992,Colombia - Guapi,Transparent,HTTP/HTTPS
190.60.104.218,3128,Colombia - Bogotá,Transparent,HTTP/HTTPS
181.129.138.114,30838,Colombia - Manizales,Elite,HTTP/HTTPS
181.129.43.3,8080,Colombia - Medellín,Elite,HTTP/HTTPS
190.109.16.145,999,Colombia - Cartagena,Transparent,HTTP/HTTPS
200.25.254.193,54240,Colombia - Bogotá,Elite,HTTP/HTTPS
190.61.55.138,999,Colombia - Medellín,Transparent,HTTP/HTTPS
45.173.44.9,999,Colombia - San Andres de Palomo,Transparent,HTTP/HTTPS
179.42.79.10,999,Colombia - Saravena,Transparent,HTTP/HTTPS
181.118.158.134,999,Colombia - Paipa,Transparent,HTTP/HTTPS
181.63.213.66,8089,Colombia - Cúcuta,Transparent,HTTP/HTTPS
191.103.219.225,48612,Colombia - Valledupar,Elite,HTTP/HTTPS
190.121.140.233,999,Colombia - Villavicencio,Transparent,HTTP/HTTPS
200.116.198.222,9812,Colombia - Armenia,Elite,HTTP/HTTPS
190.90.242.210,999,Colombia - Ocaña,Transparent,HTTP/HTTPS
190.69.153.82,999,Colombia - Facatativá,Transparent,HTTP/HTTPS
181.129.1.230,999,Colombia - Medellín,Transparent,HTTP/HTTPS
181.78.64.39,999,Colombia - Bogotá,Transparent,HTTP/HTTPS
201.219.194.118,8080,Colombia - Corregimiento Santana Ramos,Transparent,HTTP/HTTPS
138.117.85.97,999,Colombia - Pitalito,Transparent,HTTP/HTTPS
190.121.153.93,999,Colombia - Bogotá,Transparent,HTTP/HTTPS
191.97.9.189,999,Colombia - Medellín,Transparent,HTTP/HTTPS
191.97.1.89,999,Colombia - Guachene,Transparent,HTTP/HTTPS
190.109.16.147,999,Colombia - Cartagena,Transparent,HTTP/HTTPS
181.204.109.218,8080,Colombia - Medellín,Transparent,HTTP/HTTPS
177.93.50.234,999,Colombia - Bogotá,Transparent,HTTP/HTTPS
147.75.113.231,8080,Colombia - Quibdó,Transparent,HTTP/HTTPS
190.217.101.73,999,Colombia - Sibate,Transparent,HTTP/HTTPS
193.251.151.82,3128,France,Transparent,HTTP/HTTPS
212.47.231.14,3128,France,Transparent,HTTP/HTTPS
20.111.54.16,80,France - Paris,Elite,HTTP/HTTPS
188.165.255.116,3128,France,Transparent,HTTP/HTTPS
51.15.242.202,8888,France - Beaune-la-Rolande,Elite,HTTP/HTTPS
137.74.90.233,8282,France,Transparent,HTTP/HTTPS
51.159.205.123,3128,France - Paris,Anonymous,HTTP/HTTPS
51.195.81.233,8080,France,Elite,HTTP/HTTPS
5.196.214.181,3128,France,Transparent,HTTP/HTTPS
164.132.63.23,3128,France,Transparent,HTTP/HTTPS
46.105.35.193,8080,France,Elite,HTTP/HTTPS
213.32.75.44,9300,France,Elite,HTTP/HTTPS
213.32.75.44,5566,France,Elite,HTTP/HTTPS
151.80.119.118,808,France - Roubaix,Elite,HTTP/HTTPS
146.59.199.12,80,France,Elite,HTTP/HTTPS
178.32.101.200,80,France,Anonymous,HTTP/HTTPS
51.77.100.172,8083,France,Transparent,HTTP/HTTPS
51.77.141.29,1081,France,Elite,HTTP/HTTPS
82.210.8.173,80,France - Moissy-Cramayel,Elite,HTTP/HTTPS
162.19.50.37,80,France,Elite,HTTP/HTTPS
152.228.163.151,80,France,Elite,HTTP/HTTPS
178.32.223.222,8118,France,Elite,HTTP/HTTPS
149.202.181.48,5566,France,Elite,HTTP/HTTPS
147.135.134.57,9300,France,Elite,HTTP/HTTPS
147.135.134.57,5566,France,Elite,HTTP/HTTPS
159.180.244.213,3129,France - Paris,Elite,HTTP/HTTPS
151.80.136.138,3128,France - Roubaix,Elite,HTTP/HTTPS
51.159.66.158,3128,France - Paris,Transparent,HTTP/HTTPS
51.91.62.219,80,France,Elite,HTTP/HTTPS
188.213.28.155,3128,France,Transparent,HTTP/HTTPS
82.66.115.11,8118,France,Elite,HTTP/HTTPS
82.65.129.112,8118,France,Elite,HTTP/HTTPS
213.32.75.88,9300,France,Elite,HTTP/HTTPS
95.128.41.185,3128,France - Gennevilliers,Transparent,HTTP/HTTPS
212.129.54.138,3128,France - Dijon,Transparent,HTTP/HTTPS
78.46.244.55,3128,Germany,Transparent,HTTP/HTTPS
18.196.34.179,35227,Germany - Frankfurt am Main,Elite,HTTP/HTTPS
85.195.104.71,80,Germany - Frankfurt am Main,Elite,HTTP/HTTPS
116.202.97.73,3128,Germany,Transparent,HTTP/HTTPS
173.212.224.134,3129,Germany - Nuremberg,Transparent,HTTP/HTTPS
85.14.243.31,3128,Germany - Kamp-Lintfort,Transparent,HTTP/HTTPS
173.212.224.134,3128,Germany - Nuremberg,Transparent,HTTP/HTTPS
161.97.137.115,3127,Germany - Düsseldorf,Transparent,HTTP/HTTPS
167.172.178.193,34969,Germany - Frankfurt am Main,Elite,HTTP/HTTPS
46.101.126.180,36677,Germany - Frankfurt am Main,Elite,HTTP/HTTPS
173.212.229.53,3128,Germany - Nuremberg,Transparent,HTTP/HTTPS
173.249.54.192,3128,Germany - Nuremberg,Transparent,HTTP/HTTPS
138.201.246.94,8080,Germany,Transparent,HTTP/HTTPS
18.196.34.179,36228,Germany - Frankfurt am Main,Elite,HTTP/HTTPS
157.90.205.166,8080,Germany,Elite,HTTP/HTTPS
5.189.184.6,80,Germany - Nuremberg,Elite,HTTP/HTTPS
134.122.74.46,45678,Germany - Frankfurt am Main,Elite,HTTP/HTTPS
46.4.35.210,9099,Germany,Transparent,HTTP/HTTPS
173.212.216.104,3128,Germany - Nuremberg,Transparent,HTTP/HTTPS
144.76.42.215,8118,Germany,Elite,HTTP/HTTPS
165.227.173.71,3128,Germany - Frankfurt am Main,Transparent,HTTP/HTTPS
116.203.72.47,8118,Germany,Elite,HTTP/HTTPS
82.165.184.53,80,Germany,Elite,HTTP/HTTPS
49.12.205.127,3128,Germany,Transparent,HTTP/HTTPS
195.248.240.65,8080,Germany - Nuremberg,Elite,HTTP/HTTPS
167.172.104.11,39593,Germany - Frankfurt am Main,Elite,HTTP/HTTPS
89.58.10.34,3128,Germany,Transparent,HTTP/HTTPS
46.101.126.180,37221,Germany - Frankfurt am Main,Elite,HTTP/HTTPS
136.243.134.87,80,Germany,Elite,HTTP/HTTPS
144.91.123.26,80,Germany - Nuremberg,Elite,HTTP/HTTPS
79.253.201.252,8080,Germany - Traunstein,Transparent,HTTP/HTTPS
38.242.252.20,3128,Germany - Düsseldorf,Transparent,HTTP/HTTPS
170.187.184.9,3128,Germany - Frankfurt am Main,Transparent,HTTP/HTTPS
95.111.243.221,5566,Germany - Nuremberg,Elite,HTTP/HTTPS
167.172.104.11,40269,Germany - Frankfurt am Main,Elite,HTTP/HTTPS
43.250.107.91,80,Hong Kong,Elite,HTTP/HTTPS
103.149.162.195,80,Hong Kong,Elite,HTTP/HTTPS
47.57.188.208,80,Hong Kong - Central,Transparent,HTTP/HTTPS
103.135.102.143,80,Hong Kong,Elite,HTTP/HTTPS
58.152.94.67,8080,Hong Kong - Central,Elite,HTTP/HTTPS
58.152.94.67,8081,Hong Kong - Central,Elite,HTTP/HTTPS
47.243.32.216,8118,Hong Kong - Central,Elite,HTTP/HTTPS
103.61.39.99,3128,Hong Kong,Transparent,HTTP/HTTPS
42.2.189.238,80,Hong Kong - Central,Elite,HTTP/HTTPS
47.56.69.11,8000,Hong Kong - Central,Elite,HTTP/HTTPS
124.156.100.83,8118,Hong Kong - Central,Elite,HTTP/HTTPS
113.253.167.41,8193,Hong Kong - Hung Hom,Elite,HTTP/HTTPS
103.210.161.198,8998,Hong Kong - Central,Elite,HTTP/HTTPS
218.252.244.104,80,Hong Kong - Central,Elite,HTTP/HTTPS
113.252.54.73,80,Hong Kong - Central,Elite,HTTP/HTTPS
218.190.235.175,80,Hong Kong - Central,Elite,HTTP/HTTPS
218.253.141.178,8080,Hong Kong - Wong Tai Sin,Elite,HTTP/HTTPS
8.218.213.95,10809,Hong Kong - Central,Elite,HTTP/HTTPS
45.120.216.98,12345,Hong Kong,Transparent,HTTP/HTTPS
43.129.223.147,38080,Hong Kong - Central,Elite,HTTP/HTTPS
43.134.194.21,8118,Hong Kong - Central,Elite,HTTP/HTTPS
124.156.100.105,8118,Hong Kong - Central,Elite,HTTP/HTTPS
119.28.42.197,8118,Hong Kong - Central,Elite,HTTP/HTTPS
43.129.95.244,8080,Hong Kong - Central,Elite,HTTP/HTTPS
43.154.71.156,8118,Hong Kong - Central,Elite,HTTP/HTTPS
101.32.14.173,3128,Hong Kong - Central,Transparent,HTTP/HTTPS
150.109.32.166,80,Hong Kong - Central,Elite,HTTP/HTTPS
103.61.37.212,3128,Hong Kong,Elite,HTTP/HTTPS
43.154.71.147,8118,Hong Kong - Central,Elite,HTTP/HTTPS
47.242.254.227,30002,Hong Kong - Central,Elite,HTTP/HTTPS
113.254.164.172,80,Hong Kong - Kwun Hang,Elite,HTTP/HTTPS
118.193.47.193,8118,Hong Kong - Central,Elite,HTTP/HTTPS
43.132.196.123,59394,Hong Kong - Central,Elite,HTTP/HTTPS
103.48.68.35,83,India - Hyderabad,Transparent,HTTP/HTTPS
14.140.131.82,3128,India - Mumbai,Transparent,HTTP/HTTPS
115.241.197.126,80,India - Mumbai,Anonymous,HTTP/HTTPS
103.243.114.206,8080,India - Pune,Transparent,HTTP/HTTPS
103.148.39.50,83,India - Mumbai,Transparent,HTTP/HTTPS
103.231.78.36,80,India,Transparent,HTTP/HTTPS
122.185.159.53,80,India - Mumbai,Anonymous,HTTP/HTTPS
203.192.217.11,8080,India - Mumbai,Transparent,HTTP/HTTPS
14.192.3.161,83,India - Hyderabad,Transparent,HTTP/HTTPS
103.168.164.26,83,India - Pune,Transparent,HTTP/HTTPS
103.68.207.34,83,India - Bahadurgarh,Transparent,HTTP/HTTPS
175.111.129.154,8080,India - Jaipur,Transparent,HTTP/HTTPS
103.159.90.42,83,India - Navi Mumbai,Transparent,HTTP/HTTPS
103.161.31.249,83,India - Hyderabad,Transparent,HTTP/HTTPS
103.125.162.134,83,India - Mumbai,Transparent,HTTP/HTTPS
103.48.68.36,83,India - Hyderabad,Transparent,HTTP/HTTPS
43.229.72.192,8000,India - Ujjain,Elite,HTTP/HTTPS
103.105.228.134,8080,India - Mumbai,Transparent,HTTP/HTTPS
103.250.153.203,8080,India - Vadodara,Transparent,HTTP/HTTPS
115.243.88.49,80,India - Mumbai,Anonymous,HTTP/HTTPS
103.123.234.106,8080,India - Narsingpur,Transparent,HTTP/HTTPS
103.47.67.158,8080,India - Bahadurgarh,Transparent,HTTP/HTTPS
36.255.87.222,83,India - Mumbai,Transparent,HTTP/HTTPS
202.62.67.209,53281,India - Malakapuram,Elite,HTTP/HTTPS
157.119.225.237,83,India,Transparent,HTTP/HTTPS
146.196.123.211,9812,India,Elite,HTTP/HTTPS
103.160.132.26,83,India - Daman,Transparent,HTTP/HTTPS
103.155.54.73,83,India - Murshidabad,Transparent,HTTP/HTTPS
103.81.13.129,60714,India,Elite,HTTP/HTTPS
103.241.182.97,80,India,Transparent,HTTP/HTTPS
103.145.168.74,83,India - Delhi,Transparent,HTTP/HTTPS
157.119.211.133,8080,India - Mumbai,Transparent,HTTP/HTTPS
202.164.152.229,8080,India - Ernakulam,Transparent,HTTP/HTTPS
103.71.22.2,83,India,Transparent,HTTP/HTTPS
202.91.77.158,83,India - Mumbai,Transparent,HTTP/HTTPS
103.156.17.60,8888,Indonesia - Indramayu,Transparent,HTTP/HTTPS
103.143.196.50,8080,Indonesia - Semarang,Transparent,HTTP/HTTPS
182.253.105.123,8080,Indonesia - Cirebon,Transparent,HTTP/HTTPS
180.250.153.130,53281,Indonesia - Slipi,Elite,HTTP/HTTPS
45.121.216.219,55443,Indonesia - South Tangerang,Elite,HTTP/HTTPS
36.91.98.115,8181,Indonesia - Tangerang,Transparent,HTTP/HTTPS
36.92.43.107,8080,Indonesia,Transparent,HTTP/HTTPS
203.210.84.198,8080,Indonesia - Bandung,Transparent,HTTP/HTTPS
117.54.114.101,80,Indonesia - Jakarta,Anonymous,HTTP/HTTPS
202.52.13.2,8089,Indonesia - Malang,Transparent,HTTP/HTTPS
36.94.142.163,8000,Indonesia - Bekasi,Transparent,HTTP/HTTPS
124.158.175.19,8080,Indonesia - Melawai,Transparent,HTTP/HTTPS
36.93.2.50,8080,Indonesia - Jakarta,Transparent,HTTP/HTTPS
43.243.140.198,8080,Indonesia - Slipi,Transparent,HTTP/HTTPS
103.65.212.150,8085,Indonesia - Yogyakarta,Anonymous,HTTP/HTTPS
117.54.114.103,80,Indonesia - Jakarta,Anonymous,HTTP/HTTPS
117.54.114.98,80,Indonesia - Jakarta,Anonymous,HTTP/HTTPS
36.91.108.138,3128,Indonesia - Tangerang,Transparent,HTTP/HTTPS
103.169.187.170,3125,Indonesia - Pasuruan,Transparent,HTTP/HTTPS
118.136.85.203,8080,Indonesia - Slipi,Transparent,HTTP/HTTPS
117.54.114.100,80,Indonesia - Jakarta,Anonymous,HTTP/HTTPS
117.54.114.97,80,Indonesia - Jakarta,Anonymous,HTTP/HTTPS
202.138.249.241,8000,Indonesia - Bandung,Transparent,HTTP/HTTPS
202.180.19.41,8080,Indonesia - Tangerang,Transparent,HTTP/HTTPS
103.154.230.58,8080,Indonesia - Slipi,Transparent,HTTP/HTTPS
103.28.225.163,8080,Indonesia - South Tangerang,Transparent,HTTP/HTTPS
182.253.159.99,8080,Indonesia - Bandung,Transparent,HTTP/HTTPS
203.128.77.213,8081,Indonesia - Jakarta,Transparent,HTTP/HTTPS
202.51.114.210,3128,Indonesia - Slipi,Transparent,HTTP/HTTPS
118.97.47.248,55443,Indonesia - Gambir,Elite,HTTP/HTTPS
202.180.20.10,55443,Indonesia - Bandung,Elite,HTTP/HTTPS
203.84.153.210,8080,Indonesia - Jakarta,Transparent,HTTP/HTTPS
202.152.51.44,8080,Indonesia - Surabaya,Transparent,HTTP/HTTPS
202.169.51.46,8080,Indonesia - Menteng,Transparent,HTTP/HTTPS
114.6.227.28,8080,Indonesia - Padang,Anonymous,HTTP/HTTPS
160.16.209.7,3128,Japan - Tokyo,Elite,HTTP/HTTPS
140.227.59.167,3180,Japan - Nishikicho,Transparent,HTTP/HTTPS
140.83.32.175,80,Japan - Tokyo,Elite,HTTP/HTTPS
133.18.203.28,8080,Japan,Anonymous,HTTP/HTTPS
168.138.36.173,33080,Japan - Osaka,Elite,HTTP/HTTPS
133.18.173.81,8080,Japan - Osaka,Anonymous,HTTP/HTTPS
133.18.172.217,8080,Japan - Osaka,Anonymous,HTTP/HTTPS
66.42.45.79,9080,Japan - Heiwajima,Elite,HTTP/HTTPS
133.18.175.198,8080,Japan - Osaka,Anonymous,HTTP/HTTPS
140.227.211.47,8080,Japan,Elite,HTTP/HTTPS
133.18.227.47,8080,Japan,Anonymous,HTTP/HTTPS
133.18.233.207,8080,Japan,Anonymous,HTTP/HTTPS
133.18.194.45,8080,Japan,Anonymous,HTTP/HTTPS
133.18.239.64,8080,Japan,Anonymous,HTTP/HTTPS
140.227.69.124,3180,Japan,Transparent,HTTP/HTTPS
133.18.231.31,8080,Japan,Anonymous,HTTP/HTTPS
158.101.142.112,3128,Japan - Tokyo,Elite,HTTP/HTTPS
140.227.80.237,3180,Japan,Transparent,HTTP/HTTPS
133.18.201.9,8080,Japan - Osaka,Anonymous,HTTP/HTTPS
133.18.197.218,8080,Japan - Osaka,Anonymous,HTTP/HTTPS
153.126.179.216,8080,Japan,Elite,HTTP/HTTPS
66.42.45.79,9091,Japan - Heiwajima,Elite,HTTP/HTTPS
133.18.203.171,8080,Japan,Anonymous,HTTP/HTTPS
140.227.61.156,23456,Japan - Nishikicho,Elite,HTTP/HTTPS
66.42.45.79,9000,Japan - Heiwajima,Elite,HTTP/HTTPS
160.16.105.145,8080,Japan - Tokyo,Transparent,HTTP/HTTPS
66.42.45.79,9050,Japan - Heiwajima,Elite,HTTP/HTTPS
13.78.59.75,3128,Japan - Tokyo,Transparent,HTTP/HTTPS
168.138.211.5,8080,Japan - Tokyo,Elite,HTTP/HTTPS
47.91.15.175,80,Japan - Tokyo,Elite,HTTP/HTTPS
153.121.36.194,8118,Japan - Tokyo,Elite,HTTP/HTTPS
116.80.41.12,80,Japan,Anonymous,HTTP/HTTPS
140.227.127.228,80,Japan - Tsuruoka,Anonymous,HTTP/HTTPS
222.158.214.161,3128,Japan - Gifu City,Transparent,HTTP/HTTPS
133.167.86.191,8118,Japan - Osaka,Elite,HTTP/HTTPS
196.202.215.143,41890,Kenya - Nairobi,Transparent,HTTP/HTTPS
197.232.65.40,55443,Kenya - Nairobi,Elite,HTTP/HTTPS
196.207.16.22,8080,Kenya - Nairobi,Transparent,HTTP/HTTPS
80.240.200.114,8080,Kenya - Nairobi,Transparent,HTTP/HTTPS
80.240.202.218,8080,Kenya - Nairobi,Transparent,HTTP/HTTPS
41.72.203.182,42928,Kenya - Nairobi,Elite,HTTP/HTTPS
154.159.243.117,8080,Kenya - Nairobi,Transparent,HTTP/HTTPS
41.220.238.130,83,Kenya - Nairobi,Transparent,HTTP/HTTPS
41.220.238.137,83,Kenya - Nairobi,Transparent,HTTP/HTTPS
41.84.135.102,8080,Kenya - Nairobi,Transparent,HTTP/HTTPS
196.216.65.57,8080,Kenya - Nairobi,Transparent,HTTP/HTTPS
197.232.39.208,65238,Kenya - Nairobi,Transparent,HTTP/HTTPS
196.216.93.118,8080,Kenya - Nairobi,Transparent,HTTP/HTTPS
41.60.234.149,8080,Kenya - Nairobi,Transparent,HTTP/HTTPS
102.222.146.203,8080,Kenya - Nairobi,Transparent,HTTP/HTTPS
80.240.201.62,83,Kenya - Nairobi,Transparent,HTTP/HTTPS
154.79.242.178,1686,Kenya,Elite,HTTP/HTTPS
41.220.238.137,82,Kenya - Nairobi,Transparent,HTTP/HTTPS
197.248.184.158,53281,Kenya - Nairobi,Elite,HTTP/HTTPS
41.215.85.74,8080,Kenya - Nairobi,Transparent,HTTP/HTTPS
41.60.236.215,8080,Kenya - Nairobi,Elite,HTTP/HTTPS
196.202.210.65,8080,Kenya - Nairobi,Transparent,HTTP/HTTPS
41.220.238.130,82,Kenya - Nairobi,Transparent,HTTP/HTTPS
212.102.34.18,3128,Netherlands - Amsterdam,Transparent,HTTP/HTTPS
31.161.38.233,8090,Netherlands - Grubbenvorst,Transparent,HTTP/HTTPS
89.208.219.121,8080,Netherlands - Amsterdam,Transparent,HTTP/HTTPS
134.122.58.174,80,Netherlands - Amsterdam,Elite,HTTP/HTTPS
20.71.241.197,80,Netherlands - Amsterdam,Elite,HTTP/HTTPS
193.108.115.197,10022,Netherlands - Dronten,Elite,HTTP/HTTPS
151.248.16.57,8080,Netherlands,Transparent,HTTP/HTTPS
45.81.171.66,8080,Netherlands - Zeewolde,Transparent,HTTP/HTTPS
185.142.98.16,8080,Netherlands - Meppel,Transparent,HTTP/HTTPS
35.204.134.127,5566,Netherlands - Groningen,Elite,HTTP/HTTPS
51.15.8.75,3738,Netherlands - Haarlem,Elite,HTTP/HTTPS
89.248.174.40,8118,Netherlands - Amsterdam,Elite,HTTP/HTTPS
104.248.90.212,80,Netherlands - Amsterdam,Elite,HTTP/HTTPS
64.225.65.54,8118,Netherlands - Amsterdam,Elite,HTTP/HTTPS
31.3.15.82,3128,Netherlands - Arnhem,Anonymous,HTTP/HTTPS
37.120.192.154,8080,Netherlands - Amsterdam,Anonymous,HTTP/HTTPS
151.236.14.178,5678,Netherlands,Transparent,HTTP/HTTPS
104.248.203.46,3129,Netherlands - Amsterdam,Elite,HTTP/HTTPS
185.76.10.133,8081,Netherlands - Amsterdam,Elite,HTTP/HTTPS
151.236.14.178,10605,Netherlands,Transparent,HTTP/HTTPS
185.14.30.82,3128,Netherlands - Meppel,Transparent,HTTP/HTTPS
188.166.4.251,8118,Netherlands - Amsterdam,Elite,HTTP/HTTPS
192.121.102.41,8118,Netherlands - Amsterdam,Elite,HTTP/HTTPS
80.48.119.28,8080,Poland - Makow Mazowiecki,Elite,HTTP/HTTPS
91.202.230.219,8080,Poland - Żagań,Elite,HTTP/HTTPS
45.90.164.114,80,Poland - Swarzedz,Anonymous,HTTP/HTTPS
178.212.54.137,8080,Poland - Gronow,Transparent,HTTP/HTTPS
178.216.24.80,55443,Poland - Lublin,Elite,HTTP/HTTPS
91.150.189.122,30389,Poland - Rzeszów,Elite,HTTP/HTTPS
84.205.17.234,8080,Poland - Szczecinek,Transparent,HTTP/HTTPS
77.254.15.125,3128,Poland - Warsaw,Transparent,HTTP/HTTPS
195.205.123.246,8080,Poland - Debica,Elite,HTTP/HTTPS
85.89.180.71,3128,Poland - Lodz,Transparent,HTTP/HTTPS
80.252.5.34,7001,Poland - Warsaw,Anonymous,HTTP/HTTPS
195.8.52.243,8080,Poland - Ustrzyki Dolne,Transparent,HTTP/HTTPS
188.252.14.7,3128,Poland - Gdynia,Transparent,HTTP/HTTPS
91.234.127.222,53281,Poland - Gliwice,Elite,HTTP/HTTPS
94.75.76.10,8080,Poland - Warsaw,Transparent,HTTP/HTTPS
93.105.40.62,41258,Poland - Gdansk,Elite,HTTP/HTTPS
91.90.180.185,8080,Poland - Krakow,Transparent,HTTP/HTTPS
83.168.85.9,8090,Poland - Stargard,Transparent,HTTP/HTTPS
83.238.80.14,8081,Poland - Szepietowo,Transparent,HTTP/HTTPS
185.32.6.131,8090,Poland,Transparent,HTTP/HTTPS
78.10.225.148,60000,Poland - Krakow,Elite,HTTP/HTTPS
94.75.76.3,8080,Poland - Warsaw,Transparent,HTTP/HTTPS
185.32.6.129,8090,Poland,Transparent,HTTP/HTTPS
5.185.109.135,8080,Poland - Kolbudy,Transparent,HTTP/HTTPS
94.23.91.209,80,Poland,Elite,HTTP/HTTPS
88.199.164.140,8081,Poland - Szepietowo,Transparent,HTTP/HTTPS
80.55.145.163,8080,Poland - Szczecin,Transparent,HTTP/HTTPS
85.31.251.62,8080,Poland - Krakow,Transparent,HTTP/HTTPS
34.118.107.170,3128,Poland - Warsaw,Anonymous,HTTP/HTTPS
83.238.80.23,8081,Poland - Szepietowo,Transparent,HTTP/HTTPS
94.73.239.124,55443,Russia - Krasnoyarsk,Elite,HTTP/HTTPS
188.94.227.221,8080,Russia - Moscow,Transparent,HTTP/HTTPS
77.233.5.68,55443,Russia - Krasnodar,Elite,HTTP/HTTPS
94.28.31.39,9797,Russia - Krasnodar,Transparent,HTTP/HTTPS
77.236.243.39,1256,Russia - Moscow,Transparent,HTTP/HTTPS
109.167.134.253,30710,Russia - St Petersburg,Elite,HTTP/HTTPS
195.211.219.146,5555,Russia - St Petersburg,Transparent,HTTP/HTTPS
94.232.11.178,46449,Russia,Elite,HTTP/HTTPS
185.127.224.60,41890,Russia - Moscow,Elite,HTTP/HTTPS
82.114.97.157,1256,Russia,Transparent,HTTP/HTTPS
80.249.135.17,8080,Russia,Transparent,HTTP/HTTPS
188.133.153.161,1256,Russia - Moscow,Transparent,HTTP/HTTPS
89.107.197.165,3128,Russia - Tula,Elite,HTTP/HTTPS
176.62.188.10,8123,Russia - Moscow,Transparent,HTTP/HTTPS
79.142.95.90,55443,Russia,Elite,HTTP/HTTPS
85.172.0.30,8080,Russia - Krasnodar,Elite,HTTP/HTTPS
188.133.139.219,1256,Russia,Transparent,HTTP/HTTPS
176.214.99.101,1256,Russia,Transparent,HTTP/HTTPS
85.173.165.36,46330,Russia - Cherkessk,Elite,HTTP/HTTPS
82.114.118.142,1256,Russia - St Petersburg,Transparent,HTTP/HTTPS
87.76.1.69,8080,Russia - Ulyanovsk,Transparent,HTTP/HTTPS
87.103.202.248,3128,Russia - Kemerovo,Transparent,HTTP/HTTPS
91.244.114.193,48080,Russia - Biysk,Transparent,HTTP/HTTPS
188.133.157.61,10000,Russia - Moscow,Transparent,HTTP/HTTPS
5.44.62.166,8080,Russia,Transparent,HTTP/HTTPS
83.219.133.85,8080,Russia - Kaliningrad,Transparent,HTTP/HTTPS
188.43.228.25,8080,Russia,Transparent,HTTP/HTTPS
185.131.172.51,5050,Russia,Transparent,HTTP/HTTPS
77.236.236.38,10000,Russia - Moscow,Transparent,HTTP/HTTPS
80.244.230.86,8080,Russia - Moscow,Transparent,HTTP/HTTPS
195.211.219.147,5555,Russia - St Petersburg,Transparent,HTTP/HTTPS
188.133.158.80,1256,Russia - Moscow,Transparent,HTTP/HTTPS
91.242.213.247,80,Russia,Transparent,HTTP/HTTPS
188.133.158.145,8080,Russia - Moscow,Transparent,HTTP/HTTPS
193.106.109.195,80,Russia,Elite,HTTP/HTTPS
195.178.33.86,8080,Serbia - Belgrade,Transparent,HTTP/HTTPS
93.86.63.73,8080,Serbia - Belgrade,Transparent,HTTP/HTTPS
176.106.122.56,8085,Serbia,Transparent,HTTP/HTTPS
178.254.158.83,6666,Serbia - Belgrade,Transparent,HTTP/HTTPS
109.121.55.162,8888,Serbia - Belgrade,Transparent,HTTP/HTTPS
178.253.244.250,6666,Serbia - Belgrade,Transparent,HTTP/HTTPS
109.233.191.31,8123,Serbia,Transparent,HTTP/HTTPS
77.46.138.38,8080,Serbia,Transparent,HTTP/HTTPS
92.60.238.12,8080,Serbia - Niš,Transparent,HTTP/HTTPS
217.169.220.183,6666,Serbia - Belgrade,Transparent,HTTP/HTTPS
195.178.56.37,8080,Serbia - Novi Sad,Transparent,HTTP/HTTPS
79.101.55.161,53281,Serbia - Belgrade,Transparent,HTTP/HTTPS
109.92.222.17,53281,Serbia - Belgrade,Transparent,HTTP/HTTPS
195.178.56.33,8080,Serbia - Novi Sad,Transparent,HTTP/HTTPS
77.46.138.233,8080,Serbia,Transparent,HTTP/HTTPS
77.46.138.49,8080,Serbia,Transparent,HTTP/HTTPS
195.178.56.32,8080,Serbia - Novi Sad,Transparent,HTTP/HTTPS
92.60.238.12,80,Serbia - Niš,Transparent,HTTP/HTTPS
195.178.56.35,8080,Serbia - Novi Sad,Transparent,HTTP/HTTPS
121.156.109.108,8080,South Korea,Transparent,HTTP/HTTPS
3.37.142.199,3128,South Korea - Incheon,Elite,HTTP/HTTPS
121.139.218.165,31409,South Korea - Guro-gu,Elite,HTTP/HTTPS
138.2.122.102,3128,South Korea - Chuncheon,Elite,HTTP/HTTPS
211.34.165.75,3128,South Korea - Ansan-si,Elite,HTTP/HTTPS
211.248.241.66,3128,South Korea - Seoul,Transparent,HTTP/HTTPS
1.255.134.136,3128,South Korea - Geoje,Transparent,HTTP/HTTPS
61.78.63.200,30000,South Korea,Elite,HTTP/HTTPS
118.36.19.164,8080,South Korea - Uiwang,Elite,HTTP/HTTPS
146.56.119.252,80,South Korea - Chuncheon,Transparent,HTTP/HTTPS
1.214.62.61,8000,South Korea - Seoul,Anonymous,HTTP/HTTPS
61.79.139.30,80,South Korea - Seongnam-si,Elite,HTTP/HTTPS
175.213.188.28,80,South Korea - Sejong,Elite,HTTP/HTTPS
222.111.184.59,80,South Korea - Seongbuk-gu,Elite,HTTP/HTTPS
58.229.240.44,80,South Korea - Mapo-gu,Elite,HTTP/HTTPS
1.224.3.122,3888,South Korea - Ansan-si,Elite,HTTP/HTTPS
218.39.136.163,8000,South Korea - Songpa-gu,Elite,HTTP/HTTPS
220.85.140.170,80,South Korea - Seoul,Elite,HTTP/HTTPS
211.207.170.169,8118,South Korea - Yongin-si,Elite,HTTP/HTTPS
211.43.214.205,80,South Korea,Transparent,HTTP/HTTPS
121.138.152.163,808,South Korea - Gangnam-gu,Elite,HTTP/HTTPS
175.106.108.140,3128,South Korea,Transparent,HTTP/HTTPS
59.15.28.113,3128,South Korea - Gangseo-gu,Transparent,HTTP/HTTPS
146.56.157.79,3128,South Korea - Seoul,Transparent,HTTP/HTTPS
146.56.129.85,3128,South Korea - Seoul,Transparent,HTTP/HTTPS
118.67.151.29,80,South Korea,Elite,HTTP/HTTPS
45.195.2.13,8000,South Korea - Seoul,Transparent,HTTP/HTTPS
222.237.249.172,8080,South Korea - Yeongdeungpo-gu,Elite,HTTP/HTTPS
165.154.226.242,80,Taiwan - Taipei,Elite,HTTP/HTTPS
125.228.43.81,8080,Taiwan - Xizhi District,Elite,HTTP/HTTPS
61.220.158.181,3128,Taiwan - Taichung,Transparent,HTTP/HTTPS
118.163.13.20,8080,Taiwan - New Taipei,Transparent,HTTP/HTTPS
61.216.185.88,60808,Taiwan - Chiayi,Elite,HTTP/HTTPS
61.220.158.183,3128,Taiwan - Taichung,Transparent,HTTP/HTTPS
163.19.52.126,8080,Taiwan,Transparent,HTTP/HTTPS
60.198.53.23,80,Taiwan - New Taipei,Elite,HTTP/HTTPS
61.216.156.222,60808,Taiwan - Bade District,Elite,HTTP/HTTPS
125.228.27.21,9797,Taiwan - Kaohsiung City,Elite,HTTP/HTTPS
140.111.232.73,80,Taiwan,Transparent,HTTP/HTTPS
180.176.247.122,80,Taiwan - Bulun,Elite,HTTP/HTTPS
122.116.150.2,9000,Taiwan - New Taipei,Elite,HTTP/HTTPS
165.154.253.125,80,Taiwan - Taipei,Elite,HTTP/HTTPS
183.88.212.184,8080,Thailand - Chon Buri,Transparent,HTTP/HTTPS
113.53.29.218,33885,Thailand - Ban Du,Elite,HTTP/HTTPS
27.131.179.220,10443,Thailand,Transparent,HTTP/HTTPS
125.26.165.245,443,Thailand - Ban Pho,Transparent,HTTP/HTTPS
171.6.132.218,8000,Thailand - Bangkok,Elite,HTTP/HTTPS
1.20.166.142,8080,Thailand - Udon Thani,Transparent,HTTP/HTTPS
49.231.140.120,8080,Thailand,Transparent,HTTP/HTTPS
110.171.84.180,8080,Thailand - Thon Buri,Transparent,HTTP/HTTPS
1.1.189.58,8080,Thailand - Ban Phan Don,Transparent,HTTP/HTTPS
180.180.123.40,8080,Thailand - Pathum Thani,Transparent,HTTP/HTTPS
122.154.35.19,8080,Thailand - Pattani,Transparent,HTTP/HTTPS
14.207.81.238,18080,Thailand - Bangkok,Transparent,HTTP/HTTPS
110.78.114.161,8080,Thailand,Transparent,HTTP/HTTPS
1.179.144.41,8080,Thailand - Ban Kaeng,Transparent,HTTP/HTTPS
203.150.128.13,8080,Thailand,Transparent,HTTP/HTTPS
125.25.40.37,8080,Thailand - Bang Pakong,Transparent,HTTP/HTTPS
14.207.203.174,8080,Thailand - Don Chan,Transparent,HTTP/HTTPS
122.155.165.191,3128,Thailand,Transparent,HTTP/HTTPS
110.78.28.94,8080,Thailand - Bangkok,Transparent,HTTP/HTTPS
203.170.222.4,8080,Thailand - Ban Chang,Transparent,HTTP/HTTPS
182.52.229.165,8080,Thailand,Transparent,HTTP/HTTPS
1.0.170.50,80,Thailand - Don Tum,Transparent,HTTP/HTTPS
180.180.218.250,8080,Thailand - Charoen Sin,Transparent,HTTP/HTTPS
183.88.129.208,8080,Thailand - Chiang Mai,Elite,HTTP/HTTPS
113.53.61.112,8080,Thailand - Chanthaburi,Transparent,HTTP/HTTPS
183.89.187.183,8080,Thailand - Chiang Mai,Transparent,HTTP/HTTPS
171.101.72.122,8080,Thailand - Khon Kaen,Transparent,HTTP/HTTPS
171.96.230.9,8080,Thailand - Bangkok,Transparent,HTTP/HTTPS
1.1.220.100,8080,Thailand - Ban Du,Transparent,HTTP/HTTPS
1.0.205.87,8080,Thailand - Sawi,Transparent,HTTP/HTTPS
110.164.59.98,8080,Thailand - Din Daeng,Transparent,HTTP/HTTPS
180.183.168.105,3128,Thailand - Betong,Transparent,HTTP/HTTPS
119.76.142.159,8080,Thailand - Nakhon Ratchasima,Transparent,HTTP/HTTPS
14.207.123.1,8080,Thailand - Ban Bo,Transparent,HTTP/HTTPS
1.20.217.52,8080,Thailand - Dusit,Elite,HTTP/HTTPS
91.225.226.39,44388,Ukraine - Kyiv,Elite,HTTP/HTTPS
178.54.21.203,8081,Ukraine - Vyshhorod,Elite,HTTP/HTTPS
109.86.182.203,3128,Ukraine - Kharkiv,Elite,HTTP/HTTPS
195.78.101.75,81,Ukraine - Nova Vodolaha,Transparent,HTTP/HTTPS
194.44.104.242,31280,Ukraine - Kyiv,Elite,HTTP/HTTPS
188.163.171.198,8080,Ukraine - Zaporizhzhia,Transparent,HTTP/HTTPS
176.101.0.77,41890,Ukraine,Transparent,HTTP/HTTPS
143.244.45.5,3128,Ukraine - Kyiv,Transparent,HTTP/HTTPS
176.98.22.224,8181,Ukraine - Kyiv,Transparent,HTTP/HTTPS
193.104.189.68,3128,Ukraine,Transparent,HTTP/HTTPS
109.200.155.195,8080,Ukraine - Simferopol,Transparent,HTTP/HTTPS
31.131.67.14,8080,Ukraine - Yevpatoriya,Elite,HTTP/HTTPS
193.41.88.58,53281,Ukraine,Elite,HTTP/HTTPS
195.140.226.244,8080,Ukraine - Kharkiv,Transparent,HTTP/HTTPS
146.120.170.21,8889,Ukraine - Monastyryska,Transparent,HTTP/HTTPS
5.58.110.249,8080,Ukraine - Ternopil,Elite,HTTP/HTTPS
178.150.148.38,8282,Ukraine - Kharkiv,Elite,HTTP/HTTPS
193.106.138.52,3128,Ukraine,Transparent,HTTP/HTTPS
77.120.187.185,8080,Ukraine - Kharkiv,Transparent,HTTP/HTTPS
176.121.1.8,8080,Ukraine - Zhuraky,Transparent,HTTP/HTTPS
159.224.243.185,37793,Ukraine - Dnipro,Elite,HTTP/HTTPS
185.189.186.19,8080,Ukraine - Chernivtsi,Transparent,HTTP/HTTPS
89.19.116.102,41890,Ukraine,Transparent,HTTP/HTTPS
91.227.183.110,8080,Ukraine - Kyiv,Transparent,HTTP/HTTPS
92.60.190.22,50335,Ukraine - Kyiv,Elite,HTTP/HTTPS
85.198.142.186,8081,Ukraine - Dnipro,Transparent,HTTP/HTTPS
109.200.159.28,8080,Ukraine - Simferopol,Transparent,HTTP/HTTPS
77.52.187.199,10000,Ukraine - Moshny,Transparent,HTTP/HTTPS
5.58.33.187,55507,Ukraine - Ternopil,Elite,HTTP/HTTPS
46.98.251.182,8081,Ukraine - Dnipro,Transparent,HTTP/HTTPS
91.214.31.234,8080,Ukraine - Zaporizhzhya,Transparent,HTTP/HTTPS
91.230.199.174,61440,Ukraine,Elite,HTTP/HTTPS
188.163.170.130,41209,Ukraine - Zaporizhzhia,Elite,HTTP/HTTPS
37.54.13.78,8081,Ukraine - Vinnytsia,Transparent,HTTP/HTTPS
176.118.50.237,53281,Ukraine - Lviv,Elite,HTTP/HTTPS
8.208.82.80,8081,United Kingdom - London,Elite,HTTP/HTTPS
81.134.57.82,3128,United Kingdom - Brentford,Transparent,HTTP/HTTPS
92.207.253.226,38157,United Kingdom - City of Westminster,Elite,HTTP/HTTPS
193.117.138.126,44805,United Kingdom - Richmond,Elite,HTTP/HTTPS
62.253.84.50,3333,United Kingdom - Swansea,Transparent,HTTP/HTTPS
185.61.152.137,8080,United Kingdom,Elite,HTTP/HTTPS
80.194.38.106,3333,United Kingdom - Leigh-on-Sea,Transparent,HTTP/HTTPS
87.245.209.76,8080,United Kingdom,Elite,HTTP/HTTPS
167.99.194.95,8048,United Kingdom - London,Elite,HTTP/HTTPS
143.198.242.86,8048,United Kingdom - London,Elite,HTTP/HTTPS
83.126.54.155,8080,United Kingdom,Transparent,HTTP/HTTPS
167.99.83.205,8118,United Kingdom - London,Elite,HTTP/HTTPS
46.101.49.62,80,United Kingdom,Elite,HTTP/HTTPS
134.209.28.98,3128,United Kingdom - London,Elite,HTTP/HTTPS
161.35.161.38,80,United Kingdom - London,Anonymous,HTTP/HTTPS
82.145.46.190,3128,United Kingdom,Transparent,HTTP/HTTPS
138.68.156.211,3128,United Kingdom - London,Transparent,HTTP/HTTPS
139.162.232.237,3128,United Kingdom - London,Anonymous,HTTP/HTTPS
185.252.233.181,3128,United Kingdom - London,Transparent,HTTP/HTTPS
178.79.172.6,8080,United Kingdom - London,Transparent,HTTP/HTTPS
18.133.120.146,3128,United Kingdom - London,Transparent,HTTP/HTTPS
162.155.10.150,55443,United States - Athens,Elite,HTTP/HTTPS
50.235.247.114,8085,United States - Wallingford,Transparent,HTTP/HTTPS
12.218.209.130,53281,United States - San Carlos,Elite,HTTP/HTTPS
69.75.140.157,8080,United States - Norwalk,Transparent,HTTP/HTTPS
71.14.214.67,8080,United States - O'Fallon,Transparent,HTTP/HTTPS
143.198.182.218,80,United States - North Bergen,Elite,HTTP/HTTPS
107.172.73.179,7890,United States,Elite,HTTP/HTTPS
213.174.151.184,3129,United States - Ashburn,Transparent,HTTP/HTTPS
130.41.55.190,8080,United States - Los Angeles,Anonymous,HTTP/HTTPS
162.243.159.46,3128,United States - San Francisco,Transparent,HTTP/HTTPS
130.41.15.76,8080,United States - Denver,Anonymous,HTTP/HTTPS
155.193.212.13,3128,United States - Newark,Transparent,HTTP/HTTPS
159.197.128.76,3128,United States,Elite,HTTP/HTTPS
51.81.80.109,3128,United States,Transparent,HTTP/HTTPS
198.59.191.234,8080,United States - Carlsbad,Elite,HTTP/HTTPS
159.197.250.171,3128,United States,Elite,HTTP/HTTPS
44.201.204.93,80,United States - Ashburn,Transparent,HTTP/HTTPS
34.110.251.255,80,United States - Kansas City,Transparent,HTTP/HTTPS
154.12.249.148,3128,United States,Transparent,HTTP/HTTPS
184.191.162.4,3128,United States - San Diego,Anonymous,HTTP/HTTPS
20.110.214.83,80,United States - Boydton,Elite,HTTP/HTTPS
198.49.68.80,80,United States,Elite,HTTP/HTTPS
3.144.188.184,8080,United States - Columbus,Elite,HTTP/HTTPS
192.236.160.186,80,United States,Elite,HTTP/HTTPS
130.41.65.206,8080,United States - Portland,Anonymous,HTTP/HTTPS
130.41.41.175,8080,United States - Atlanta,Anonymous,HTTP/HTTPS
173.197.167.242,8080,United States - Ontario,Transparent,HTTP/HTTPS
154.36.250.86,3128,United States,Transparent,HTTP/HTTPS
96.27.152.115,8080,United States - Riverview,Transparent,HTTP/HTTPS
23.107.176.65,32180,United States - Los Angeles,Elite,HTTP/HTTPS
130.41.47.235,8080,United States - Ashburn,Anonymous,HTTP/HTTPS
20.230.193.232,80,United States,Elite,HTTP/HTTPS
158.51.107.240,8080,United States - Fredericksburg,Transparent,HTTP/HTTPS
217.180.218.36,8080,United States - Lansing,Transparent,HTTP/HTTPS
38.130.249.129,999,United States,Transparent,HTTP/HTTPS
190.94.199.14,999,Venezuela - Caracas,Transparent,HTTP/HTTPS
200.8.190.45,999,Venezuela - Barquisimeto,Transparent,HTTP/HTTPS
190.97.225.41,999,Venezuela - Barinas,Transparent,HTTP/HTTPS
201.71.2.110,999,Venezuela - Santo Domingo,Transparent,HTTP/HTTPS
191.97.16.117,999,Venezuela - Caracas,Transparent,HTTP/HTTPS
190.97.233.17,999,Venezuela - Barquisimeto,Transparent,HTTP/HTTPS
161.22.35.58,999,Venezuela - Barquisimeto,Transparent,HTTP/HTTPS
190.97.225.37,999,Venezuela - Barinas,Transparent,HTTP/HTTPS
45.184.103.67,999,Venezuela - Valencia,Transparent,HTTP/HTTPS
138.186.176.176,999,Venezuela - Barquisimeto,Transparent,HTTP/HTTPS
170.83.77.237,999,Venezuela - Caracas,Transparent,HTTP/HTTPS
45.230.168.17,999,Venezuela - Caracas,Transparent,HTTP/HTTPS
170.83.77.181,999,Venezuela - Caracas,Transparent,HTTP/HTTPS
190.216.234.242,8080,Venezuela - Caracas,Anonymous,HTTP/HTTPS
200.8.188.25,999,Venezuela - Barquisimeto,Transparent,HTTP/HTTPS
201.71.2.41,999,Venezuela - Santo Domingo,Transparent,HTTP/HTTPS
190.94.211.207,999,Venezuela - Caracas,Transparent,HTTP/HTTPS
45.236.28.68,999,Venezuela - Turmero,Transparent,HTTP/HTTPS
191.97.16.111,999,Venezuela - Caracas,Transparent,HTTP/HTTPS
161.22.35.61,999,Venezuela - Barquisimeto,Transparent,HTTP/HTTPS
167.250.50.101,999,Venezuela - Caracas,Transparent,HTTP/HTTPS
45.230.47.17,999,Venezuela - Valencia,Transparent,HTTP/HTTPS
191.97.16.113,999,Venezuela - Caracas,Transparent,HTTP/HTTPS
161.22.34.121,8080,Venezuela - San Carlos,Transparent,HTTP/HTTPS
45.182.141.112,999,Venezuela - Puerto Cabello,Transparent,HTTP/HTTPS
170.83.77.25,999,Venezuela - Caracas,Transparent,HTTP/HTTPS
190.202.94.21,8080,Venezuela,Transparent,HTTP/HTTPS
190.217.10.12,999,Venezuela,Transparent,HTTP/HTTPS
161.22.34.115,8080,Venezuela - San Carlos,Transparent,HTTP/HTTPS
191.97.16.112,999,Venezuela - Caracas,Transparent,HTTP/HTTPS
38.10.252.248,999,Venezuela,Transparent,HTTP/HTTPS
186.24.9.114,999,Venezuela - Turen Viejo,Transparent,HTTP/HTTPS
181.225.54.59,6969,Venezuela - Caracas,Transparent,HTTP/HTTPS
161.22.35.62,999,Venezuela - Barquisimeto,Transparent,HTTP/HTTPS
190.217.10.13,999,Venezuela,Transparent,HTTP/HTTPS
91.229.214.238,3128,Iran,Transparent,HTTP/HTTPS
188.75.64.38,3128,Iran - Tehran,Elite,HTTP/HTTPS
95.38.80.36,8050,Iran,Transparent,HTTP/HTTPS
94.101.140.131,9999,Iran,Anonymous,HTTP/HTTPS
217.219.28.117,3128,Iran,Elite,HTTP/HTTPS
91.241.21.237,9812,Iran,Transparent,HTTP/HTTPS
2.179.193.146,80,Iran,Elite,HTTP/HTTPS
80.191.162.2,514,Iran,Elite,HTTP/HTTPS
78.38.100.121,8080,Iran,Anonymous,HTTP/HTTPS
178.248.44.52,3128,Iran - Tehran,Elite,HTTP/HTTPS
5.202.104.22,3128,Iran,Elite,HTTP/HTTPS
2.188.164.194,8080,Iran,Transparent,HTTP/HTTPS
185.118.153.110,8080,Iran,Transparent,HTTP/HTTPS
81.91.144.190,55443,Iran,Elite,HTTP/HTTPS
185.231.115.205,3128,Iran,Transparent,HTTP/HTTPS
81.91.137.42,8080,Iran,Transparent,HTTP/HTTPS
217.60.194.43,8080,Iran,Transparent,HTTP/HTTPS
37.235.24.194,3128,Iran,Elite,HTTP/HTTPS
185.182.222.178,8080,Iran,Anonymous,HTTP/HTTPS
217.60.194.53,8080,Iran,Transparent,HTTP/HTTPS
80.191.46.60,1515,Iran,Transparent,HTTP/HTTPS
91.108.155.196,8080,Iran,Transparent,HTTP/HTTPS
91.92.133.179,8181,Iran,Transparent,HTTP/HTTPS
185.72.27.98,8080,Iran,Elite,HTTP/HTTPS
185.3.214.3,80,Iran,Transparent,HTTP/HTTPS
79.127.56.148,8080,Iran,Transparent,HTTP/HTTPS
37.32.40.178,8080,Iran,Transparent,HTTP/HTTPS
94.74.132.129,808,Iran,Transparent,HTTP/HTTPS
5.202.191.226,8080,Iran,Elite,HTTP/HTTPS
91.221.240.253,1515,Iran,Transparent,HTTP/HTTPS
2.184.4.70,6565,Iran,Transparent,HTTP/HTTPS
79.127.56.147,8080,Iran,Transparent,HTTP/HTTPS
46.209.196.147,8080,Iran,Transparent,HTTP/HTTPS
5.202.191.226,80,Iran,Elite,HTTP/HTTPS
46.209.196.146,8080,Iran,Transparent,HTTP/HTTPS
95.0.206.22,8080,Turkey - Bursa,Transparent,HTTP/HTTPS
81.22.103.65,80,Turkey,Transparent,HTTP/HTTPS
213.14.174.70,3128,Turkey - Istanbul,Anonymous,HTTP/HTTPS
81.161.236.49,8080,Turkey - Istanbul,Transparent,HTTP/HTTPS
95.0.66.86,8080,Turkey - Antakya,Transparent,HTTP/HTTPS
95.0.219.24,8080,Turkey - Istanbul,Transparent,HTTP/HTTPS
155.223.64.8,8081,Turkey - Izmir,Transparent,HTTP/HTTPS
88.255.185.254,8080,Turkey - Antakya,Transparent,HTTP/HTTPS
212.174.242.114,8080,Turkey - Osmaniye,Transparent,HTTP/HTTPS
95.0.7.16,8080,Turkey - Konya,Transparent,HTTP/HTTPS
188.132.222.36,8080,Turkey,Transparent,HTTP/HTTPS
95.0.219.234,8080,Turkey - Istanbul,Transparent,HTTP/HTTPS
176.236.85.246,9090,Turkey - Adapazarı,Transparent,HTTP/HTTPS
88.255.101.229,8080,Turkey - Istanbul,Transparent,HTTP/HTTPS
176.235.131.228,9090,Turkey,Transparent,HTTP/HTTPS
176.236.232.50,9090,Turkey - Gaziantep,Transparent,HTTP/HTTPS
88.255.101.237,8080,Turkey - Istanbul,Transparent,HTTP/HTTPS
88.255.102.116,8080,Turkey - Izmir,Transparent,HTTP/HTTPS
2.56.62.76,3128,Turkey,Transparent,HTTP/HTTPS
95.0.168.45,1981,Turkey - Mugla,Transparent,HTTP/HTTPS
88.255.101.230,8080,Turkey - Istanbul,Transparent,HTTP/HTTPS
91.93.118.3,8090,Turkey - Pendik,Transparent,HTTP/HTTPS
176.236.141.30,10001,Turkey - Nilufer,Transparent,HTTP/HTTPS
88.255.101.227,8080,Turkey - Istanbul,Transparent,HTTP/HTTPS
88.255.185.228,8080,Turkey - Antakya,Transparent,HTTP/HTTPS
95.0.168.58,1981,Turkey - Mugla,Transparent,HTTP/HTTPS
213.194.113.128,9090,Turkey - Kosekoy,Transparent,HTTP/HTTPS
95.0.7.14,8080,Turkey - Tut,Transparent,HTTP/HTTPS
31.145.154.138,9093,Turkey - Cayirova,Transparent,HTTP/HTTPS
88.250.210.100,38271,Turkey - Bursa,Elite,HTTP/HTTPS
88.255.102.39,8080,Turkey - Izmir,Transparent,HTTP/HTTPS
78.188.118.100,10001,Turkey - Kırklareli,Transparent,HTTP/HTTPS
176.235.131.231,9090,Turkey,Transparent,HTTP/HTTPS
88.255.64.94,8080,Turkey - Istanbul,Transparent,HTTP/HTTPS
212.174.44.87,8085,Turkey - Gaziantep,Transparent,HTTP/HTTPS
196.20.12.21,8080,Namibia - Windhoek,Elite,HTTP/HTTPS
196.20.12.33,8080,Namibia - Windhoek,Elite,HTTP/HTTPS
196.3.99.162,8080,Mozambique - Maputo,Transparent,HTTP/HTTPS
196.3.97.71,23500,Mozambique - Maputo,Elite,HTTP/HTTPS
41.60.216.119,23500,Mozambique,Elite,HTTP/HTTPS
41.77.129.154,53281,Mozambique - Maputo,Elite,HTTP/HTTPS
81.174.11.159,61743,Italy - Molinella,Elite,HTTP/HTTPS
185.182.185.130,3128,Italy - Milan,Transparent,HTTP/HTTPS
151.22.181.215,8080,Italy - Strongoli,Transparent,HTTP/HTTPS
62.94.218.90,8080,Italy - Acquapendente,Transparent,HTTP/HTTPS
134.90.242.57,8080,Italy - Ragusa,Transparent,HTTP/HTTPS
212.3.184.102,8080,Italy - Monopoli,Transparent,HTTP/HTTPS
93.145.17.218,8080,Italy - Rome,Transparent,HTTP/HTTPS
151.22.181.214,8080,Italy - Strongoli,Transparent,HTTP/HTTPS
95.142.223.24,56379,Italy - Zevio,Elite,HTTP/HTTPS
129.152.16.181,3128,Italy - Siziano,Transparent,HTTP/HTTPS
31.199.12.150,80,Italy - Sulmona,Elite,HTTP/HTTPS
80.211.66.104,80,Italy - Arezzo,Elite,HTTP/HTTPS
41.33.86.242,8080,Egypt - Cairo,Transparent,HTTP/HTTPS
156.200.116.71,1981,Egypt,Transparent,HTTP/HTTPS
154.236.184.70,1975,Egypt - Giza,Anonymous,HTTP/HTTPS
156.200.116.73,1976,Egypt,Transparent,HTTP/HTTPS
62.193.108.149,1981,Egypt,Transparent,HTTP/HTTPS
41.39.244.130,32604,Egypt - Cairo,Elite,HTTP/HTTPS
41.33.219.141,8080,Egypt,Anonymous,HTTP/HTTPS
62.193.108.137,1981,Egypt,Transparent,HTTP/HTTPS
154.236.179.233,1976,Egypt,Transparent,HTTP/HTTPS
41.65.236.41,1976,Egypt,Transparent,HTTP/HTTPS
154.236.168.179,1976,Egypt,Transparent,HTTP/HTTPS
41.178.6.118,8060,Egypt,Transparent,HTTP/HTTPS
41.33.63.182,1976,Egypt,Transparent,HTTP/HTTPS
41.65.236.41,1981,Egypt,Transparent,HTTP/HTTPS
62.193.108.137,1976,Egypt,Transparent,HTTP/HTTPS
213.212.210.250,1976,Egypt - New Cairo,Transparent,HTTP/HTTPS
41.65.236.56,1976,Egypt,Transparent,HTTP/HTTPS
156.200.116.69,1976,Egypt,Transparent,HTTP/HTTPS
156.200.116.73,1981,Egypt,Transparent,HTTP/HTTPS
41.65.163.86,1981,Egypt,Transparent,HTTP/HTTPS
62.193.108.152,1981,Egypt,Transparent,HTTP/HTTPS
41.128.148.85,1981,Egypt - Giza,Transparent,HTTP/HTTPS
41.65.174.120,1976,Egypt,Anonymous,HTTP/HTTPS
41.65.163.84,1976,Egypt,Transparent,HTTP/HTTPS
154.236.168.169,1981,Egypt,Transparent,HTTP/HTTPS
196.219.202.74,8080,Egypt,Transparent,HTTP/HTTPS
41.65.236.37,1976,Egypt,Transparent,HTTP/HTTPS
154.236.179.226,1981,Egypt,Anonymous,HTTP/HTTPS
41.65.236.44,1981,Egypt,Transparent,HTTP/HTTPS
213.212.210.250,1981,Egypt - New Cairo,Transparent,HTTP/HTTPS
41.65.236.43,1976,Egypt,Elite,HTTP/HTTPS
41.128.148.85,1976,Egypt - Giza,Transparent,HTTP/HTTPS
41.178.6.146,8060,Egypt,Transparent,HTTP/HTTPS
41.65.236.37,1981,Egypt,Transparent,HTTP/HTTPS
41.65.236.48,1981,Egypt,Transparent,HTTP/HTTPS
212.95.180.5,53281,Bulgaria - Sofia,Elite,HTTP/HTTPS
77.70.35.87,37475,Bulgaria - Blagoevgrad,Elite,HTTP/HTTPS
85.217.192.39,1414,Bulgaria - Parovtsi,Transparent,HTTP/HTTPS
92.247.23.114,53281,Bulgaria - Sofia,Elite,HTTP/HTTPS
77.238.79.111,8080,Bulgaria - Sofia,Elite,HTTP/HTTPS
213.222.34.200,53281,Bulgaria - Sofia,Elite,HTTP/HTTPS
93.152.172.209,8080,Bulgaria - Sofia,Transparent,HTTP/HTTPS
62.182.114.164,60731,Bulgaria - Malashevtsi,Elite,HTTP/HTTPS
78.128.124.9,50246,Bulgaria - Sofia,Elite,HTTP/HTTPS
5.104.174.199,23500,Bulgaria - Dobrich,Elite,HTTP/HTTPS
178.169.139.180,8080,Bulgaria - Byala,Elite,HTTP/HTTPS
213.226.11.149,41878,Bulgaria - Plovdiv,Elite,HTTP/HTTPS
185.108.140.69,8080,Bulgaria - Sofia,Elite,HTTP/HTTPS
95.87.14.245,8181,Bulgaria - Stara Zagora,Transparent,HTTP/HTTPS
185.108.141.49,8080,Bulgaria - Sofia,Elite,HTTP/HTTPS
80.78.237.2,55443,Bulgaria - Gotse Delchev,Transparent,HTTP/HTTPS
185.108.141.19,8080,Bulgaria - Sofia,Elite,HTTP/HTTPS
92.247.2.26,21231,Bulgaria - Sofia,Elite,HTTP/HTTPS
78.83.199.235,53281,Bulgaria - Sofia,Transparent,HTTP/HTTPS
185.189.199.75,23500,Bulgaria - Bansko,Elite,HTTP/HTTPS
