3.10.93.50,80,elite proxy,elite proxy,HTTP/HTTPS
158.255.77.169,80,anonymous,anonymous,HTTP/HTTPS
23.82.137.162,80,anonymous,anonymous,HTTP/HTTPS
51.75.206.209,80,elite proxy,elite proxy,HTTP/HTTPS
18.134.236.231,3128,elite proxy,elite proxy,HTTP/HTTPS
45.22.209.157,8888,anonymous,anonymous,HTTP/HTTPS
50.174.7.159,80,anonymous,anonymous,HTTP/HTTPS
50.207.199.87,80,anonymous,anonymous,HTTP/HTTPS
32.223.6.94,80,anonymous,anonymous,HTTP/HTTPS
65.108.159.129,8081,elite proxy,elite proxy,HTTP/HTTPS
13.37.89.201,80,elite proxy,elite proxy,HTTP/HTTPS
13.36.113.81,3128,elite proxy,elite proxy,HTTP/HTTPS
13.36.87.105,3128,elite proxy,elite proxy,HTTP/HTTPS
44.218.183.55,80,elite proxy,elite proxy,HTTP/HTTPS
50.207.199.80,80,anonymous,anonymous,HTTP/HTTPS
50.207.199.83,80,anonymous,anonymous,HTTP/HTTPS
50.174.7.153,80,anonymous,anonymous,HTTP/HTTPS
50.202.75.26,80,anonymous,anonymous,HTTP/HTTPS
50.169.37.50,80,anonymous,anonymous,HTTP/HTTPS
50.239.72.18,80,anonymous,anonymous,HTTP/HTTPS
50.175.212.66,80,anonymous,anonymous,HTTP/HTTPS
50.239.72.16,80,anonymous,anonymous,HTTP/HTTPS
50.239.72.19,80,anonymous,anonymous,HTTP/HTTPS
50.217.226.40,80,anonymous,anonymous,HTTP/HTTPS
50.221.74.130,80,anonymous,anonymous,HTTP/HTTPS
190.58.248.86,80,anonymous,anonymous,HTTP/HTTPS
203.115.101.51,82,elite proxy,elite proxy,HTTP/HTTPS
50.175.212.74,80,anonymous,anonymous,HTTP/HTTPS
50.207.199.82,80,anonymous,anonymous,HTTP/HTTPS
50.174.7.152,80,anonymous,anonymous,HTTP/HTTPS
50.122.86.118,80,anonymous,anonymous,HTTP/HTTPS
188.68.52.244,80,anonymous,anonymous,HTTP/HTTPS
66.191.31.158,80,anonymous,anonymous,HTTP/HTTPS
54.67.125.45,3128,elite proxy,elite proxy,HTTP/HTTPS
184.169.154.119,80,elite proxy,elite proxy,HTTP/HTTPS
13.56.192.187,80,elite proxy,elite proxy,HTTP/HTTPS
158.255.77.166,80,anonymous,anonymous,HTTP/HTTPS
23.247.136.248,80,anonymous,anonymous,HTTP/HTTPS
13.208.56.180,80,elite proxy,elite proxy,HTTP/HTTPS
35.72.118.126,80,elite proxy,elite proxy,HTTP/HTTPS
35.76.62.196,80,elite proxy,elite proxy,HTTP/HTTPS
35.79.120.242,3128,elite proxy,elite proxy,HTTP/HTTPS
3.124.133.93,3128,elite proxy,elite proxy,HTTP/HTTPS
18.228.149.161,80,elite proxy,elite proxy,HTTP/HTTPS
18.185.169.150,3128,elite proxy,elite proxy,HTTP/HTTPS
3.127.121.101,80,elite proxy,elite proxy,HTTP/HTTPS
3.123.150.192,80,elite proxy,elite proxy,HTTP/HTTPS
46.51.249.135,3128,elite proxy,elite proxy,HTTP/HTTPS
3.139.242.184,80,elite proxy,elite proxy,HTTP/HTTPS
52.196.1.182,80,elite proxy,elite proxy,HTTP/HTTPS
3.78.92.159,3128,elite proxy,elite proxy,HTTP/HTTPS
52.67.10.183,80,elite proxy,elite proxy,HTTP/HTTPS
200.250.131.218,80,anonymous,anonymous,HTTP/HTTPS
54.37.214.253,8080,anonymous,anonymous,HTTP/HTTPS
81.169.213.169,8888,anonymous,anonymous,HTTP/HTTPS
43.129.201.43,443,anonymous,anonymous,HTTP/HTTPS
3.129.184.210,80,elite proxy,elite proxy,HTTP/HTTPS
47.238.149.53,8888,elite proxy,elite proxy,HTTP/HTTPS
51.16.199.206,3128,elite proxy,elite proxy,HTTP/HTTPS
54.179.39.14,3128,elite proxy,elite proxy,HTTP/HTTPS
99.80.11.54,3128,elite proxy,elite proxy,HTTP/HTTPS
51.17.58.162,3128,elite proxy,elite proxy,HTTP/HTTPS
52.65.193.254,3128,elite proxy,elite proxy,HTTP/HTTPS
3.97.176.251,3128,elite proxy,elite proxy,HTTP/HTTPS
52.16.232.164,3128,elite proxy,elite proxy,HTTP/HTTPS
3.97.167.115,3128,elite proxy,elite proxy,HTTP/HTTPS
51.16.179.113,1080,elite proxy,elite proxy,HTTP/HTTPS
63.32.1.88,3128,elite proxy,elite proxy,HTTP/HTTPS
54.179.44.51,3128,elite proxy,elite proxy,HTTP/HTTPS
16.16.239.39,3128,elite proxy,elite proxy,HTTP/HTTPS
177.234.250.58,999,transparent,transparent,HTTP/HTTPS
190.94.213.206,999,transparent,transparent,HTTP/HTTPS
45.184.74.246,45005,transparent,transparent,HTTP/HTTPS
3.212.148.199,3128,elite proxy,elite proxy,HTTP/HTTPS
54.152.3.36,80,elite proxy,elite proxy,HTTP/HTTPS
3.141.217.225,80,elite proxy,elite proxy,HTTP/HTTPS
13.59.156.167,3128,elite proxy,elite proxy,HTTP/HTTPS
45.140.143.77,18080,elite proxy,elite proxy,HTTP/HTTPS
47.236.8.166,18080,elite proxy,elite proxy,HTTP/HTTPS
43.156.59.228,80,anonymous,anonymous,HTTP/HTTPS
54.248.238.110,80,elite proxy,elite proxy,HTTP/HTTPS
3.9.71.167,1080,elite proxy,elite proxy,HTTP/HTTPS
50.169.222.243,80,anonymous,anonymous,HTTP/HTTPS
63.35.64.177,3128,elite proxy,elite proxy,HTTP/HTTPS
50.217.226.43,80,anonymous,anonymous,HTTP/HTTPS
50.239.72.17,80,anonymous,anonymous,HTTP/HTTPS
50.221.230.186,80,anonymous,anonymous,HTTP/HTTPS
50.174.7.158,80,anonymous,anonymous,HTTP/HTTPS
50.220.168.134,80,anonymous,anonymous,HTTP/HTTPS
213.143.113.82,80,anonymous,anonymous,HTTP/HTTPS
204.236.137.68,80,elite proxy,elite proxy,HTTP/HTTPS
84.39.112.144,3128,anonymous,anonymous,HTTP/HTTPS
176.9.239.181,80,anonymous,anonymous,HTTP/HTTPS
198.49.68.80,80,elite proxy,elite proxy,HTTP/HTTPS
50.217.226.41,80,anonymous,anonymous,HTTP/HTTPS
162.223.90.130,80,elite proxy,elite proxy,HTTP/HTTPS
50.207.199.86,80,anonymous,anonymous,HTTP/HTTPS
87.248.129.26,80,anonymous,anonymous,HTTP/HTTPS
211.128.96.206,80,anonymous,anonymous,HTTP/HTTPS
68.185.57.66,80,anonymous,anonymous,HTTP/HTTPS
50.231.104.58,80,anonymous,anonymous,HTTP/HTTPS
50.174.7.156,80,anonymous,anonymous,HTTP/HTTPS
50.207.199.81,80,anonymous,anonymous,HTTP/HTTPS
31.31.0.74,3128,transparent,transparent,HTTP/HTTPS
154.73.29.161,8080,transparent,transparent,HTTP/HTTPS
211.225.214.241,80,transparent,transparent,HTTP/HTTPS
103.70.93.77,8097,transparent,transparent,HTTP/HTTPS
110.136.114.141,8080,transparent,transparent,HTTP/HTTPS
188.235.135.15,65056,transparent,transparent,HTTP/HTTPS
103.118.47.243,8080,transparent,transparent,HTTP/HTTPS
109.95.220.45,8080,transparent,transparent,HTTP/HTTPS
114.9.26.194,3128,transparent,transparent,HTTP/HTTPS
201.234.196.106,9443,transparent,transparent,HTTP/HTTPS
38.159.229.75,999,transparent,transparent,HTTP/HTTPS
103.151.227.218,8080,transparent,transparent,HTTP/HTTPS
149.202.91.219,80,elite proxy,elite proxy,HTTP/HTTPS
189.240.60.171,9090,elite proxy,elite proxy,HTTP/HTTPS
189.240.60.168,9090,elite proxy,elite proxy,HTTP/HTTPS
189.240.60.166,9090,elite proxy,elite proxy,HTTP/HTTPS
189.240.60.162,9090,elite proxy,elite proxy,HTTP/HTTPS
43.167.165.210,13001,anonymous,anonymous,HTTP/HTTPS
13.37.73.214,80,elite proxy,elite proxy,HTTP/HTTPS
44.215.100.135,8118,anonymous,anonymous,HTTP/HTTPS
50.217.226.47,80,anonymous,anonymous,HTTP/HTTPS
34.58.105.225,3128,anonymous,anonymous,HTTP/HTTPS
79.127.158.225,8081,anonymous,anonymous,HTTP/HTTPS
43.202.154.212,80,elite proxy,elite proxy,HTTP/HTTPS
43.200.77.128,3128,elite proxy,elite proxy,HTTP/HTTPS
204.236.176.61,3128,elite proxy,elite proxy,HTTP/HTTPS
161.35.70.249,3128,anonymous,anonymous,HTTP/HTTPS
52.53.233.156,80,elite proxy,elite proxy,HTTP/HTTPS
13.48.109.48,3128,elite proxy,elite proxy,HTTP/HTTPS
13.246.209.48,1080,elite proxy,elite proxy,HTTP/HTTPS
13.246.184.110,3128,elite proxy,elite proxy,HTTP/HTTPS
54.228.164.102,3128,elite proxy,elite proxy,HTTP/HTTPS
51.20.19.159,3128,elite proxy,elite proxy,HTTP/HTTPS
52.53.199.188,80,elite proxy,elite proxy,HTTP/HTTPS
184.168.124.233,5402,elite proxy,elite proxy,HTTP/HTTPS
47.88.59.79,82,anonymous,anonymous,HTTP/HTTPS
181.41.194.186,80,anonymous,anonymous,HTTP/HTTPS
50.174.7.157,80,anonymous,anonymous,HTTP/HTTPS
50.217.226.42,80,anonymous,anonymous,HTTP/HTTPS
50.174.7.155,80,anonymous,anonymous,HTTP/HTTPS
50.174.7.162,80,anonymous,anonymous,HTTP/HTTPS
194.158.203.14,80,anonymous,anonymous,HTTP/HTTPS
189.1.220.189,8080,anonymous,anonymous,HTTP/HTTPS
44.219.175.186,80,elite proxy,elite proxy,HTTP/HTTPS
203.115.101.61,82,elite proxy,elite proxy,HTTP/HTTPS
47.251.43.115,33333,anonymous,anonymous,HTTP/HTTPS
0.0.0.0,80,anonymous,anonymous,HTTP/HTTPS
127.0.0.7,80,anonymous,anonymous,HTTP/HTTPS
103.125.18.33,8080,transparent,transparent,HTTP/HTTPS
220.233.184.21,80,transparent,transparent,HTTP/HTTPS
176.126.196.10,3128,transparent,transparent,HTTP/HTTPS
203.95.196.171,8080,transparent,transparent,HTTP/HTTPS
182.253.109.187,8080,transparent,transparent,HTTP/HTTPS
103.168.149.48,8181,transparent,transparent,HTTP/HTTPS
173.212.193.214,3136,transparent,transparent,HTTP/HTTPS
103.105.86.46,8090,transparent,transparent,HTTP/HTTPS
113.172.72.209,8080,transparent,transparent,HTTP/HTTPS
38.159.232.203,999,transparent,transparent,HTTP/HTTPS
35.178.104.4,3128,elite proxy,elite proxy,HTTP/HTTPS
187.28.39.181,80,anonymous,anonymous,HTTP/HTTPS
13.38.176.104,3128,elite proxy,elite proxy,HTTP/HTTPS
44.195.247.145,80,elite proxy,elite proxy,HTTP/HTTPS
85.215.64.49,80,anonymous,anonymous,HTTP/HTTPS
18.228.198.164,80,elite proxy,elite proxy,HTTP/HTTPS
148.113.47.54,8989,elite proxy,elite proxy,HTTP/HTTPS
52.63.129.110,3128,elite proxy,elite proxy,HTTP/HTTPS
15.156.24.206,3128,elite proxy,elite proxy,HTTP/HTTPS
13.55.210.141,3128,elite proxy,elite proxy,HTTP/HTTPS
3.90.100.12,80,elite proxy,elite proxy,HTTP/HTTPS
18.133.16.21,3128,elite proxy,elite proxy,HTTP/HTTPS
18.135.211.182,1080,elite proxy,elite proxy,HTTP/HTTPS
13.234.24.116,1080,elite proxy,elite proxy,HTTP/HTTPS
65.1.244.232,3128,elite proxy,elite proxy,HTTP/HTTPS
219.65.73.81,80,anonymous,anonymous,HTTP/HTTPS
197.255.126.69,80,elite proxy,elite proxy,HTTP/HTTPS
13.38.153.36,80,elite proxy,elite proxy,HTTP/HTTPS
18.135.133.116,80,elite proxy,elite proxy,HTTP/HTTPS
3.136.29.104,80,elite proxy,elite proxy,HTTP/HTTPS
13.126.79.133,80,elite proxy,elite proxy,HTTP/HTTPS
51.91.237.124,8080,anonymous,anonymous,HTTP/HTTPS
18.144.36.18,1080,elite proxy,elite proxy,HTTP/HTTPS
123.209.125.179,8080,elite proxy,elite proxy,HTTP/HTTPS
187.28.39.185,80,anonymous,anonymous,HTTP/HTTPS
187.28.39.176,80,anonymous,anonymous,HTTP/HTTPS
52.73.224.54,3128,elite proxy,elite proxy,HTTP/HTTPS
188.0.154.254,8080,transparent,transparent,HTTP/HTTPS
50.114.33.193,8080,transparent,transparent,HTTP/HTTPS
54.91.116.44,80,transparent,transparent,HTTP/HTTPS
31.10.83.158,8080,transparent,transparent,HTTP/HTTPS
103.131.19.170,8083,transparent,transparent,HTTP/HTTPS
45.180.62.238,8080,transparent,transparent,HTTP/HTTPS
220.158.234.155,3128,transparent,transparent,HTTP/HTTPS
203.95.196.195,8080,transparent,transparent,HTTP/HTTPS
5.250.183.76,3128,transparent,transparent,HTTP/HTTPS
45.239.175.105,8080,transparent,transparent,HTTP/HTTPS
103.118.44.142,8080,transparent,transparent,HTTP/HTTPS
212.108.142.145,9090,transparent,transparent,HTTP/HTTPS
188.191.165.159,8080,transparent,transparent,HTTP/HTTPS
182.253.68.150,8080,transparent,transparent,HTTP/HTTPS
91.243.90.215,8085,transparent,transparent,HTTP/HTTPS
185.226.207.103,5652,transparent,transparent,HTTP/HTTPS
104.239.13.8,6637,transparent,transparent,HTTP/HTTPS
104.239.13.79,6708,transparent,transparent,HTTP/HTTPS
156.228.86.179,3128,transparent,transparent,HTTP/HTTPS
104.239.13.201,6830,transparent,transparent,HTTP/HTTPS
104.207.37.210,3128,transparent,transparent,HTTP/HTTPS
85.239.56.253,8085,transparent,transparent,HTTP/HTTPS
31.57.42.234,6504,transparent,transparent,HTTP/HTTPS
156.233.93.234,3128,transparent,transparent,HTTP/HTTPS
31.57.41.194,5770,transparent,transparent,HTTP/HTTPS
213.108.1.199,8085,transparent,transparent,HTTP/HTTPS
107.181.154.13,5691,transparent,transparent,HTTP/HTTPS
194.99.25.176,8085,transparent,transparent,HTTP/HTTPS
45.145.131.197,8085,transparent,transparent,HTTP/HTTPS
156.249.137.202,3128,transparent,transparent,HTTP/HTTPS
45.80.106.58,8085,transparent,transparent,HTTP/HTTPS
85.239.56.219,8085,transparent,transparent,HTTP/HTTPS
85.239.57.191,8085,transparent,transparent,HTTP/HTTPS
156.228.111.44,3128,transparent,transparent,HTTP/HTTPS
193.233.231.223,8085,transparent,transparent,HTTP/HTTPS
156.228.124.121,3128,transparent,transparent,HTTP/HTTPS
178.20.212.81,8085,transparent,transparent,HTTP/HTTPS
156.233.72.72,3128,transparent,transparent,HTTP/HTTPS
86.38.26.146,6311,transparent,transparent,HTTP/HTTPS
156.253.176.43,3128,transparent,transparent,HTTP/HTTPS
193.233.138.145,8085,transparent,transparent,HTTP/HTTPS
193.233.211.114,8085,transparent,transparent,HTTP/HTTPS
84.46.204.85,6388,transparent,transparent,HTTP/HTTPS
104.143.224.50,5911,transparent,transparent,HTTP/HTTPS
193.233.138.185,8085,transparent,transparent,HTTP/HTTPS
103.24.234.154,8085,transparent,transparent,HTTP/HTTPS
146.103.56.102,5650,transparent,transparent,HTTP/HTTPS
193.233.137.43,8085,transparent,transparent,HTTP/HTTPS
31.57.82.235,6816,transparent,transparent,HTTP/HTTPS
91.243.94.196,8085,transparent,transparent,HTTP/HTTPS
103.24.232.138,8085,transparent,transparent,HTTP/HTTPS
45.132.185.94,8085,transparent,transparent,HTTP/HTTPS
31.59.33.81,6657,transparent,transparent,HTTP/HTTPS
31.57.82.209,6790,transparent,transparent,HTTP/HTTPS
185.226.207.186,5735,transparent,transparent,HTTP/HTTPS
104.207.38.141,3128,transparent,transparent,HTTP/HTTPS
31.57.41.124,5700,transparent,transparent,HTTP/HTTPS
137.59.62.233,8085,transparent,transparent,HTTP/HTTPS
163.53.213.216,8085,transparent,transparent,HTTP/HTTPS
104.207.39.129,3128,transparent,transparent,HTTP/HTTPS
104.207.54.153,3128,transparent,transparent,HTTP/HTTPS
193.233.137.159,8085,transparent,transparent,HTTP/HTTPS
185.226.207.11,5560,transparent,transparent,HTTP/HTTPS
162.220.246.139,6423,transparent,transparent,HTTP/HTTPS
86.38.26.153,6318,transparent,transparent,HTTP/HTTPS
193.233.140.217,8085,transparent,transparent,HTTP/HTTPS
85.239.58.120,8085,transparent,transparent,HTTP/HTTPS
116.206.97.201,8085,transparent,transparent,HTTP/HTTPS
193.233.142.141,8085,transparent,transparent,HTTP/HTTPS
83.171.225.222,8085,transparent,transparent,HTTP/HTTPS
198.105.100.113,6364,transparent,transparent,HTTP/HTTPS
146.103.56.134,5682,transparent,transparent,HTTP/HTTPS
162.220.246.129,6413,transparent,transparent,HTTP/HTTPS
45.135.139.138,6441,transparent,transparent,HTTP/HTTPS
193.31.127.152,8085,transparent,transparent,HTTP/HTTPS
45.148.125.82,8085,transparent,transparent,HTTP/HTTPS
88.218.46.85,8085,transparent,transparent,HTTP/HTTPS
91.243.93.220,8085,transparent,transparent,HTTP/HTTPS
193.233.230.124,8085,transparent,transparent,HTTP/HTTPS
156.228.119.79,3128,transparent,transparent,HTTP/HTTPS
173.234.58.65,8800,transparent,transparent,HTTP/HTTPS
176.126.111.113,8085,transparent,transparent,HTTP/HTTPS
156.233.89.178,3128,transparent,transparent,HTTP/HTTPS
137.59.63.174,8085,transparent,transparent,HTTP/HTTPS
185.94.32.248,8085,transparent,transparent,HTTP/HTTPS
38.170.215.29,8800,transparent,transparent,HTTP/HTTPS
43.152.112.135,12056,transparent,transparent,HTTP/HTTPS
89.46.249.143,13266,transparent,transparent,HTTP/HTTPS
156.228.174.62,3128,transparent,transparent,HTTP/HTTPS
45.132.185.127,8085,transparent,transparent,HTTP/HTTPS
198.199.86.11,8080,transparent,transparent,HTTP/HTTPS
208.109.234.211,8080,transparent,transparent,HTTP/HTTPS
45.163.72.29,8080,transparent,transparent,HTTP/HTTPS
103.63.190.72,8080,transparent,transparent,HTTP/HTTPS
103.118.46.176,8080,transparent,transparent,HTTP/HTTPS
81.223.55.43,8080,transparent,transparent,HTTP/HTTPS
154.213.198.191,3128,transparent,transparent,HTTP/HTTPS
193.233.142.251,8085,transparent,transparent,HTTP/HTTPS
189.22.234.39,80,transparent,transparent,HTTP/HTTPS
103.65.230.119,8085,transparent,transparent,HTTP/HTTPS
156.228.110.158,3128,transparent,transparent,HTTP/HTTPS
104.207.60.111,3128,transparent,transparent,HTTP/HTTPS
185.88.101.235,8085,transparent,transparent,HTTP/HTTPS
185.77.220.89,8085,transparent,transparent,HTTP/HTTPS
104.167.26.140,3128,transparent,transparent,HTTP/HTTPS
193.233.137.213,8085,transparent,transparent,HTTP/HTTPS
146.103.3.205,7258,transparent,transparent,HTTP/HTTPS
217.69.121.222,5887,transparent,transparent,HTTP/HTTPS
38.154.123.109,8800,transparent,transparent,HTTP/HTTPS
84.46.204.4,6307,transparent,transparent,HTTP/HTTPS
156.233.75.172,3128,transparent,transparent,HTTP/HTTPS
89.116.78.17,5628,transparent,transparent,HTTP/HTTPS
105.214.24.125,5678,Socks4,Socks4,HTTP/HTTPS
202.79.47.159,10800,Socks4,Socks4,HTTP/HTTPS
41.164.30.66,60606,Socks4,Socks4,HTTP/HTTPS
36.64.238.83,1080,Socks4,Socks4,HTTP/HTTPS
181.48.193.42,2580,Socks4,Socks4,HTTP/HTTPS
96.70.52.227,48324,Socks4,Socks4,HTTP/HTTPS
188.132.150.247,1080,Socks4,Socks4,HTTP/HTTPS
212.47.249.156,16379,Socks4,Socks4,HTTP/HTTPS
51.15.206.101,16379,Socks4,Socks4,HTTP/HTTPS
37.58.48.151,5256,Socks4,Socks4,HTTP/HTTPS
190.5.234.34,5678,Socks4,Socks4,HTTP/HTTPS
200.214.154.135,4145,Socks4,Socks4,HTTP/HTTPS
109.86.228.165,5678,Socks4,Socks4,HTTP/HTTPS
212.47.235.205,16379,Socks4,Socks4,HTTP/HTTPS
203.173.94.2,60606,Socks4,Socks4,HTTP/HTTPS
203.205.34.58,5678,Socks4,Socks4,HTTP/HTTPS
171.247.245.146,1080,Socks4,Socks4,HTTP/HTTPS
203.112.223.126,5678,Socks4,Socks4,HTTP/HTTPS
115.85.72.204,5678,Socks4,Socks4,HTTP/HTTPS
77.65.50.118,34159,Socks4,Socks4,HTTP/HTTPS
113.176.118.150,1080,Socks4,Socks4,HTTP/HTTPS
23.81.207.123,5256,Socks4,Socks4,HTTP/HTTPS
97.74.237.222,45219,Socks4,Socks4,HTTP/HTTPS
91.202.133.37,4153,Socks4,Socks4,HTTP/HTTPS
103.245.96.124,6969,Socks4,Socks4,HTTP/HTTPS
213.6.68.94,5678,Socks4,Socks4,HTTP/HTTPS
54.36.62.238,25810,Socks4,Socks4,HTTP/HTTPS
41.186.174.167,1088,Socks4,Socks4,HTTP/HTTPS
46.105.105.223,54030,Socks4,Socks4,HTTP/HTTPS
161.49.176.173,1338,Socks4,Socks4,HTTP/HTTPS
31.146.73.192,4153,Socks4,Socks4,HTTP/HTTPS
46.214.153.223,5678,Socks4,Socks4,HTTP/HTTPS
103.86.135.34,5678,Socks4,Socks4,HTTP/HTTPS
141.94.70.195,46797,Socks4,Socks4,HTTP/HTTPS
194.1.188.8,60606,Socks4,Socks4,HTTP/HTTPS
202.162.212.165,4153,Socks4,Socks4,HTTP/HTTPS
45.117.29.137,10888,Socks4,Socks4,HTTP/HTTPS
86.100.63.246,4145,Socks4,Socks4,HTTP/HTTPS
117.102.115.158,4153,Socks4,Socks4,HTTP/HTTPS
103.156.74.154,8199,Socks4,Socks4,HTTP/HTTPS
89.46.249.253,9876,Socks4,Socks4,HTTP/HTTPS
185.140.102.218,5678,Socks4,Socks4,HTTP/HTTPS
212.47.244.254,16379,Socks4,Socks4,HTTP/HTTPS
81.12.157.98,5678,Socks4,Socks4,HTTP/HTTPS
27.77.239.108,1080,Socks4,Socks4,HTTP/HTTPS
183.80.130.10,4145,Socks4,Socks4,HTTP/HTTPS
120.50.13.38,40308,Socks4,Socks4,HTTP/HTTPS
36.67.56.18,60606,Socks4,Socks4,HTTP/HTTPS
8.211.49.86,161,Socks4,Socks4,HTTP/HTTPS
171.248.221.86,1080,Socks4,Socks4,HTTP/HTTPS
103.191.196.79,1080,Socks4,Socks4,HTTP/HTTPS
171.248.214.89,1080,Socks4,Socks4,HTTP/HTTPS
51.15.236.150,16379,Socks4,Socks4,HTTP/HTTPS
27.254.67.114,39835,Socks4,Socks4,HTTP/HTTPS
170.233.30.33,4153,Socks4,Socks4,HTTP/HTTPS
202.166.211.89,60606,Socks4,Socks4,HTTP/HTTPS
69.36.63.128,1080,Socks4,Socks4,HTTP/HTTPS
36.67.88.77,4153,Socks4,Socks4,HTTP/HTTPS
1.4.195.114,4145,Socks4,Socks4,HTTP/HTTPS
124.29.249.56,5678,Socks4,Socks4,HTTP/HTTPS
50.235.117.234,39593,Socks4,Socks4,HTTP/HTTPS
119.148.23.210,9990,Socks4,Socks4,HTTP/HTTPS
207.180.208.185,13758,Socks4,Socks4,HTTP/HTTPS
36.92.111.49,52471,Socks4,Socks4,HTTP/HTTPS
103.95.98.93,1080,Socks4,Socks4,HTTP/HTTPS
84.2.239.42,4153,Socks4,Socks4,HTTP/HTTPS
31.172.186.69,62230,Socks4,Socks4,HTTP/HTTPS
185.95.0.197,23761,Socks4,Socks4,HTTP/HTTPS
116.100.221.192,1080,Socks4,Socks4,HTTP/HTTPS
149.202.80.220,29768,Socks4,Socks4,HTTP/HTTPS
116.118.98.21,5678,Socks4,Socks4,HTTP/HTTPS
170.244.0.179,4145,Socks4,Socks4,HTTP/HTTPS
91.192.25.158,4145,Socks4,Socks4,HTTP/HTTPS
51.158.125.47,16379,Socks4,Socks4,HTTP/HTTPS
87.121.49.238,4145,Socks4,Socks4,HTTP/HTTPS
93.187.188.30,1080,Socks4,Socks4,HTTP/HTTPS
103.73.69.57,5678,Socks4,Socks4,HTTP/HTTPS
45.117.228.97,4145,Socks4,Socks4,HTTP/HTTPS
89.232.192.75,1080,Socks4,Socks4,HTTP/HTTPS
187.17.201.203,38737,Socks4,Socks4,HTTP/HTTPS
212.231.197.29,4145,Socks4,Socks4,HTTP/HTTPS
141.94.195.25,25043,Socks4,Socks4,HTTP/HTTPS
1.179.172.45,31225,Socks4,Socks4,HTTP/HTTPS
163.172.140.107,16379,Socks4,Socks4,HTTP/HTTPS
103.151.155.20,11080,Socks4,Socks4,HTTP/HTTPS
138.0.60.23,1080,Socks4,Socks4,HTTP/HTTPS
185.139.56.133,4145,Socks4,Socks4,HTTP/HTTPS
8.218.39.40,10800,Socks4,Socks4,HTTP/HTTPS
8.211.194.78,138,Socks4,Socks4,HTTP/HTTPS
103.86.1.9,4145,Socks4,Socks4,HTTP/HTTPS
192.141.232.12,33998,Socks4,Socks4,HTTP/HTTPS
185.30.43.65,60606,Socks4,Socks4,HTTP/HTTPS
43.154.134.238,50001,Socks4,Socks4,HTTP/HTTPS
212.47.253.40,16379,Socks4,Socks4,HTTP/HTTPS
51.158.70.223,16379,Socks4,Socks4,HTTP/HTTPS
170.81.141.49,61437,Socks4,Socks4,HTTP/HTTPS
130.255.133.228,50080,Socks4,Socks4,HTTP/HTTPS
213.147.107.178,4153,Socks4,Socks4,HTTP/HTTPS
117.20.64.44,56981,Socks4,Socks4,HTTP/HTTPS
159.224.66.253,5678,Socks4,Socks4,HTTP/HTTPS
114.9.27.54,1080,Socks4,Socks4,HTTP/HTTPS
83.143.24.29,5678,Socks4,Socks4,HTTP/HTTPS
180.250.159.49,4153,Socks4,Socks4,HTTP/HTTPS
80.26.56.66,4153,Socks4,Socks4,HTTP/HTTPS
201.148.125.126,4153,Socks4,Socks4,HTTP/HTTPS
27.75.155.200,1080,Socks4,Socks4,HTTP/HTTPS
185.130.219.12,4153,Socks4,Socks4,HTTP/HTTPS
41.190.92.50,60606,Socks4,Socks4,HTTP/HTTPS
185.252.234.80,8116,Socks4,Socks4,HTTP/HTTPS
36.89.56.127,5678,Socks4,Socks4,HTTP/HTTPS
36.66.170.25,4153,Socks4,Socks4,HTTP/HTTPS
149.12.110.109,5678,Socks4,Socks4,HTTP/HTTPS
200.30.165.2,60606,Socks4,Socks4,HTTP/HTTPS
198.44.171.113,7088,Socks4,Socks4,HTTP/HTTPS
103.206.129.150,60606,Socks4,Socks4,HTTP/HTTPS
181.204.4.74,5678,Socks4,Socks4,HTTP/HTTPS
67.210.146.50,11080,Socks4,Socks4,HTTP/HTTPS
194.183.189.253,49847,Socks4,Socks4,HTTP/HTTPS
104.236.114.255,25466,Socks4,Socks4,HTTP/HTTPS
163.172.187.22,16379,Socks4,Socks4,HTTP/HTTPS
170.231.64.254,5678,Socks4,Socks4,HTTP/HTTPS
223.25.109.146,1080,Socks4,Socks4,HTTP/HTTPS
93.91.148.34,9898,Socks4,Socks4,HTTP/HTTPS
5.78.124.240,40001,Socks4,Socks4,HTTP/HTTPS
171.248.209.188,1080,Socks4,Socks4,HTTP/HTTPS
162.243.17.117,30084,Socks4,Socks4,HTTP/HTTPS
185.186.17.57,5678,Socks4,Socks4,HTTP/HTTPS
163.47.37.190,1080,Socks4,Socks4,HTTP/HTTPS
46.98.193.59,5678,Socks4,Socks4,HTTP/HTTPS
78.111.112.118,4145,Socks4,Socks4,HTTP/HTTPS
192.169.233.191,25441,Socks4,Socks4,HTTP/HTTPS
115.74.154.1,1080,Socks4,Socks4,HTTP/HTTPS
94.159.106.39,50001,Socks4,Socks4,HTTP/HTTPS
118.70.206.161,60606,Socks4,Socks4,HTTP/HTTPS
104.238.100.115,45314,Socks4,Socks4,HTTP/HTTPS
5.161.146.73,26653,Socks4,Socks4,HTTP/HTTPS
49.0.156.20,32000,Socks4,Socks4,HTTP/HTTPS
31.43.33.56,4153,Socks4,Socks4,HTTP/HTTPS
213.16.81.147,5678,Socks4,Socks4,HTTP/HTTPS
116.100.219.205,1080,Socks4,Socks4,HTTP/HTTPS
182.16.171.65,51459,Socks4,Socks4,HTTP/HTTPS
169.239.45.51,4153,Socks4,Socks4,HTTP/HTTPS
212.220.13.98,4153,Socks4,Socks4,HTTP/HTTPS
125.234.92.210,1080,Socks4,Socks4,HTTP/HTTPS
95.43.244.15,4153,Socks4,Socks4,HTTP/HTTPS
41.169.151.154,4153,Socks4,Socks4,HTTP/HTTPS
109.69.0.179,5678,Socks4,Socks4,HTTP/HTTPS
115.127.67.26,1080,Socks4,Socks4,HTTP/HTTPS
41.139.147.86,5678,Socks4,Socks4,HTTP/HTTPS
171.247.240.30,1080,Socks4,Socks4,HTTP/HTTPS
163.172.137.227,16379,Socks4,Socks4,HTTP/HTTPS
105.214.39.84,5678,Socks4,Socks4,HTTP/HTTPS
103.138.46.11,4145,Socks4,Socks4,HTTP/HTTPS
95.178.108.189,5678,Socks4,Socks4,HTTP/HTTPS
91.228.245.196,60606,Socks4,Socks4,HTTP/HTTPS
122.248.46.26,4145,Socks4,Socks4,HTTP/HTTPS
190.14.5.163,5678,Socks4,Socks4,HTTP/HTTPS
94.232.145.158,5678,Socks4,Socks4,HTTP/HTTPS
109.232.106.150,52435,Socks4,Socks4,HTTP/HTTPS
103.84.178.193,4153,Socks4,Socks4,HTTP/HTTPS
103.95.97.179,60606,Socks4,Socks4,HTTP/HTTPS
103.82.11.233,4153,Socks4,Socks4,HTTP/HTTPS
103.160.57.169,10101,Socks4,Socks4,HTTP/HTTPS
109.238.219.225,4153,Socks4,Socks4,HTTP/HTTPS
129.205.244.185,5678,Socks4,Socks4,HTTP/HTTPS
76.81.6.107,31008,Socks4,Socks4,HTTP/HTTPS
200.70.34.22,4153,Socks4,Socks4,HTTP/HTTPS
103.166.32.130,11080,Socks4,Socks4,HTTP/HTTPS
5.183.70.46,1080,Socks4,Socks4,HTTP/HTTPS
200.108.190.110,9800,Socks4,Socks4,HTTP/HTTPS
67.222.106.44,26039,Socks4,Socks4,HTTP/HTTPS
166.62.121.127,45248,Socks4,Socks4,HTTP/HTTPS
36.64.62.111,5678,Socks4,Socks4,HTTP/HTTPS
115.127.180.90,5678,Socks4,Socks4,HTTP/HTTPS
171.247.243.18,1080,Socks4,Socks4,HTTP/HTTPS
103.134.180.241,4153,Socks4,Socks4,HTTP/HTTPS
138.255.240.66,40736,Socks4,Socks4,HTTP/HTTPS
36.66.111.81,1080,Socks4,Socks4,HTTP/HTTPS
163.172.163.128,16379,Socks4,Socks4,HTTP/HTTPS
190.0.15.18,5678,Socks4,Socks4,HTTP/HTTPS
103.116.174.125,5678,Socks4,Socks4,HTTP/HTTPS
45.70.56.252,3629,Socks4,Socks4,HTTP/HTTPS
116.118.98.25,5678,Socks4,Socks4,HTTP/HTTPS
12.11.59.114,1080,Socks4,Socks4,HTTP/HTTPS
112.78.39.94,4153,Socks4,Socks4,HTTP/HTTPS
103.233.103.241,4153,Socks4,Socks4,HTTP/HTTPS
46.173.175.166,10801,Socks4,Socks4,HTTP/HTTPS
202.43.191.14,5430,Socks4,Socks4,HTTP/HTTPS
118.174.14.65,44336,Socks4,Socks4,HTTP/HTTPS
95.31.35.210,3629,Socks4,Socks4,HTTP/HTTPS
111.68.31.134,40385,Socks4,Socks4,HTTP/HTTPS
91.203.165.23,5678,Socks4,Socks4,HTTP/HTTPS
103.197.46.178,4153,Socks4,Socks4,HTTP/HTTPS
212.47.226.206,16379,Socks4,Socks4,HTTP/HTTPS
85.116.120.106,3629,Socks4,Socks4,HTTP/HTTPS
129.205.244.158,1080,Socks4,Socks4,HTTP/HTTPS
85.30.215.48,60541,Socks4,Socks4,HTTP/HTTPS
8.39.228.193,39593,Socks4,Socks4,HTTP/HTTPS
46.107.230.122,1080,Socks4,Socks4,HTTP/HTTPS
102.176.178.66,4145,Socks4,Socks4,HTTP/HTTPS
170.238.239.71,60606,Socks4,Socks4,HTTP/HTTPS
45.4.144.232,4153,Socks4,Socks4,HTTP/HTTPS
178.220.148.82,10801,Socks4,Socks4,HTTP/HTTPS
27.72.73.143,4153,Socks4,Socks4,HTTP/HTTPS
45.189.108.161,8899,Socks4,Socks4,HTTP/HTTPS
198.0.198.132,54321,Socks4,Socks4,HTTP/HTTPS
45.125.222.125,47239,Socks4,Socks4,HTTP/HTTPS
221.144.252.148,5678,Socks4,Socks4,HTTP/HTTPS
103.130.219.1,45315,Socks4,Socks4,HTTP/HTTPS
115.127.124.234,1080,Socks4,Socks4,HTTP/HTTPS
77.222.58.239,14541,Socks4,Socks4,HTTP/HTTPS
138.186.222.129,5678,Socks4,Socks4,HTTP/HTTPS
81.177.224.173,1337,Socks4,Socks4,HTTP/HTTPS
103.110.89.74,5678,Socks4,Socks4,HTTP/HTTPS
103.12.246.49,4145,Socks4,Socks4,HTTP/HTTPS
92.205.60.110,55539,Socks4,Socks4,HTTP/HTTPS
120.50.1.126,1088,Socks4,Socks4,HTTP/HTTPS
216.218.240.46,48324,Socks4,Socks4,HTTP/HTTPS
182.253.159.7,5678,Socks4,Socks4,HTTP/HTTPS
103.96.106.230,1080,Socks4,Socks4,HTTP/HTTPS
152.228.134.212,58044,Socks4,Socks4,HTTP/HTTPS
198.199.86.11,1080,Socks4,Socks4,HTTP/HTTPS
64.20.59.204,8080,Socks4,Socks4,HTTP/HTTPS
103.164.112.130,4145,Socks4,Socks4,HTTP/HTTPS
125.141.133.49,5566,Socks4,Socks4,HTTP/HTTPS
31.42.2.113,5678,Socks4,Socks4,HTTP/HTTPS
172.104.129.235,1080,Socks4,Socks4,HTTP/HTTPS
175.139.201.193,4153,Socks4,Socks4,HTTP/HTTPS
202.179.88.233,51951,Socks4,Socks4,HTTP/HTTPS
103.95.97.43,4153,Socks4,Socks4,HTTP/HTTPS
190.246.55.235,5678,Socks4,Socks4,HTTP/HTTPS
150.129.115.253,6667,Socks4,Socks4,HTTP/HTTPS
67.222.110.81,18049,Socks4,Socks4,HTTP/HTTPS
105.214.32.49,5678,Socks4,Socks4,HTTP/HTTPS
97.105.12.186,4153,Socks4,Socks4,HTTP/HTTPS
217.218.242.75,5678,Socks4,Socks4,HTTP/HTTPS
188.113.168.37,3629,Socks4,Socks4,HTTP/HTTPS
119.10.177.107,1080,Socks4,Socks4,HTTP/HTTPS
181.129.62.2,47377,Socks4,Socks4,HTTP/HTTPS
165.140.185.183,39593,Socks4,Socks4,HTTP/HTTPS
165.140.185.1,39593,Socks4,Socks4,HTTP/HTTPS
62.201.212.198,4673,Socks4,Socks4,HTTP/HTTPS
188.120.243.197,8080,Socks4,Socks4,HTTP/HTTPS
159.89.174.192,35059,Socks4,Socks4,HTTP/HTTPS
45.249.100.209,56457,Socks4,Socks4,HTTP/HTTPS
105.214.61.13,5678,Socks4,Socks4,HTTP/HTTPS
118.91.175.146,5678,Socks4,Socks4,HTTP/HTTPS
27.116.53.13,5678,Socks4,Socks4,HTTP/HTTPS
170.81.108.153,4153,Socks4,Socks4,HTTP/HTTPS
197.232.43.224,1080,Socks4,Socks4,HTTP/HTTPS
203.190.8.59,1088,Socks4,Socks4,HTTP/HTTPS
81.12.169.254,4153,Socks4,Socks4,HTTP/HTTPS
103.111.22.65,58563,Socks4,Socks4,HTTP/HTTPS
129.205.138.174,4145,Socks4,Socks4,HTTP/HTTPS
65.21.169.142,1080,Socks4,Socks4,HTTP/HTTPS
14.232.166.150,5678,Socks4,Socks4,HTTP/HTTPS
85.239.149.117,1080,Socks4,Socks4,HTTP/HTTPS
128.199.5.121,32001,Socks4,Socks4,HTTP/HTTPS
114.32.176.158,4145,Socks4,Socks4,HTTP/HTTPS
185.79.243.153,38431,Socks4,Socks4,HTTP/HTTPS
46.38.41.150,58357,Socks4,Socks4,HTTP/HTTPS
14.241.182.44,5678,Socks4,Socks4,HTTP/HTTPS
82.114.68.42,5678,Socks4,Socks4,HTTP/HTTPS
200.43.231.16,4153,Socks4,Socks4,HTTP/HTTPS
54.38.217.92,22929,Socks4,Socks4,HTTP/HTTPS
105.214.76.64,5678,Socks4,Socks4,HTTP/HTTPS
118.71.99.233,5678,Socks4,Socks4,HTTP/HTTPS
134.209.232.237,12040,Socks4,Socks4,HTTP/HTTPS
93.94.90.180,4145,Socks4,Socks4,HTTP/HTTPS
80.58.149.246,4145,Socks4,Socks4,HTTP/HTTPS
47.91.29.151,9200,Socks4,Socks4,HTTP/HTTPS
66.29.138.67,2001,Socks4,Socks4,HTTP/HTTPS
110.77.149.227,4153,Socks4,Socks4,HTTP/HTTPS
89.46.249.148,9969,Socks4,Socks4,HTTP/HTTPS
103.163.244.106,1080,Socks4,Socks4,HTTP/HTTPS
188.235.61.70,4153,Socks4,Socks4,HTTP/HTTPS
190.4.205.226,4153,Socks4,Socks4,HTTP/HTTPS
54.37.153.108,53695,Socks4,Socks4,HTTP/HTTPS
212.34.152.172,8081,Socks4,Socks4,HTTP/HTTPS
140.82.35.234,44444,Socks4,Socks4,HTTP/HTTPS
5.166.71.63,1080,Socks4,Socks4,HTTP/HTTPS
23.81.207.122,5257,Socks4,Socks4,HTTP/HTTPS
202.131.235.138,4153,Socks4,Socks4,HTTP/HTTPS
45.191.12.6,4153,Socks4,Socks4,HTTP/HTTPS
208.89.96.187,47812,Socks4,Socks4,HTTP/HTTPS
82.193.103.54,5678,Socks4,Socks4,HTTP/HTTPS
163.172.162.184,16379,Socks4,Socks4,HTTP/HTTPS
163.172.144.96,16379,Socks4,Socks4,HTTP/HTTPS
167.172.86.46,10471,Socks4,Socks4,HTTP/HTTPS
203.160.61.104,4145,Socks4,Socks4,HTTP/HTTPS
146.190.16.167,3129,Socks4,Socks4,HTTP/HTTPS
103.10.99.110,5678,Socks4,Socks4,HTTP/HTTPS
8.213.137.155,14,Socks4,Socks4,HTTP/HTTPS
171.250.216.34,1080,Socks4,Socks4,HTTP/HTTPS
193.106.249.83,44446,Socks4,Socks4,HTTP/HTTPS
77.246.100.210,8080,Socks4,Socks4,HTTP/HTTPS
77.238.233.70,1080,Socks4,Socks4,HTTP/HTTPS
212.126.5.245,42344,Socks4,Socks4,HTTP/HTTPS
185.95.186.143,60606,Socks4,Socks4,HTTP/HTTPS
119.18.158.130,4153,Socks4,Socks4,HTTP/HTTPS
50.223.246.237,80,anonymous,anonymous,HTTP/HTTPS
50.174.7.159,80,anonymous,anonymous,HTTP/HTTPS
50.207.199.87,80,anonymous,anonymous,HTTP/HTTPS
32.223.6.94,80,anonymous,anonymous,HTTP/HTTPS
44.215.100.135,8118,anonymous,anonymous,HTTP/HTTPS
44.195.247.145,80,elite proxy,elite proxy,HTTP/HTTPS
50.207.199.83,80,anonymous,anonymous,HTTP/HTTPS
50.174.7.153,80,anonymous,anonymous,HTTP/HTTPS
50.202.75.26,80,anonymous,anonymous,HTTP/HTTPS
50.169.37.50,80,anonymous,anonymous,HTTP/HTTPS
50.239.72.18,80,anonymous,anonymous,HTTP/HTTPS
50.175.212.66,80,anonymous,anonymous,HTTP/HTTPS
50.239.72.16,80,anonymous,anonymous,HTTP/HTTPS
50.217.226.40,80,anonymous,anonymous,HTTP/HTTPS
50.221.74.130,80,anonymous,anonymous,HTTP/HTTPS
50.175.212.74,80,anonymous,anonymous,HTTP/HTTPS
50.207.199.82,80,anonymous,anonymous,HTTP/HTTPS
50.174.7.152,80,anonymous,anonymous,HTTP/HTTPS
50.122.86.118,80,anonymous,anonymous,HTTP/HTTPS
54.67.125.45,3128,elite proxy,elite proxy,HTTP/HTTPS
184.169.154.119,80,elite proxy,elite proxy,HTTP/HTTPS
13.56.192.187,80,elite proxy,elite proxy,HTTP/HTTPS
23.247.136.248,80,anonymous,anonymous,HTTP/HTTPS
204.236.176.61,3128,elite proxy,elite proxy,HTTP/HTTPS
3.129.184.210,80,elite proxy,elite proxy,HTTP/HTTPS
3.130.65.162,3128,elite proxy,elite proxy,HTTP/HTTPS
52.53.233.156,80,elite proxy,elite proxy,HTTP/HTTPS
18.144.36.18,1080,elite proxy,elite proxy,HTTP/HTTPS
52.53.199.188,80,elite proxy,elite proxy,HTTP/HTTPS
54.152.3.36,80,elite proxy,elite proxy,HTTP/HTTPS
13.59.156.167,3128,elite proxy,elite proxy,HTTP/HTTPS
50.169.222.243,80,anonymous,anonymous,HTTP/HTTPS
47.88.59.79,82,anonymous,anonymous,HTTP/HTTPS
50.217.226.43,80,anonymous,anonymous,HTTP/HTTPS
50.239.72.17,80,anonymous,anonymous,HTTP/HTTPS
50.217.226.44,80,anonymous,anonymous,HTTP/HTTPS
50.174.7.158,80,anonymous,anonymous,HTTP/HTTPS
50.217.226.42,80,anonymous,anonymous,HTTP/HTTPS
204.236.137.68,80,elite proxy,elite proxy,HTTP/HTTPS
50.237.153.241,8081,elite proxy,elite proxy,HTTP/HTTPS
52.73.224.54,3128,elite proxy,elite proxy,HTTP/HTTPS
198.49.68.80,80,elite proxy,elite proxy,HTTP/HTTPS
50.217.226.41,80,anonymous,anonymous,HTTP/HTTPS
50.207.199.86,80,anonymous,anonymous,HTTP/HTTPS
68.185.57.66,80,anonymous,anonymous,HTTP/HTTPS
50.231.104.58,80,anonymous,anonymous,HTTP/HTTPS
50.174.7.156,80,anonymous,anonymous,HTTP/HTTPS
50.207.199.81,80,anonymous,anonymous,HTTP/HTTPS
23.82.137.162,80,anonymous,anonymous,HTTP/HTTPS
45.22.209.157,8888,anonymous,anonymous,HTTP/HTTPS
44.218.183.55,80,elite proxy,elite proxy,HTTP/HTTPS
50.207.199.80,80,anonymous,anonymous,HTTP/HTTPS
50.239.72.19,80,anonymous,anonymous,HTTP/HTTPS
66.191.31.158,80,anonymous,anonymous,HTTP/HTTPS
3.139.242.184,80,elite proxy,elite proxy,HTTP/HTTPS
3.212.148.199,3128,elite proxy,elite proxy,HTTP/HTTPS
3.141.217.225,80,elite proxy,elite proxy,HTTP/HTTPS
50.221.230.186,80,anonymous,anonymous,HTTP/HTTPS
50.220.168.134,80,anonymous,anonymous,HTTP/HTTPS
162.223.90.130,80,elite proxy,elite proxy,HTTP/HTTPS
50.217.226.47,80,anonymous,anonymous,HTTP/HTTPS
34.58.105.225,3128,anonymous,anonymous,HTTP/HTTPS
50.174.7.157,80,anonymous,anonymous,HTTP/HTTPS
50.174.7.155,80,anonymous,anonymous,HTTP/HTTPS
50.174.7.162,80,anonymous,anonymous,HTTP/HTTPS
44.219.175.186,80,elite proxy,elite proxy,HTTP/HTTPS
47.251.43.115,33333,anonymous,anonymous,HTTP/HTTPS
3.90.100.12,80,elite proxy,elite proxy,HTTP/HTTPS
3.136.29.104,80,elite proxy,elite proxy,HTTP/HTTPS
54.91.116.44,80,transparent,transparent,HTTP/HTTPS
156.228.86.179,3128,transparent,transparent,HTTP/HTTPS
104.207.37.210,3128,transparent,transparent,HTTP/HTTPS
194.99.25.176,8085,transparent,transparent,HTTP/HTTPS
156.228.111.44,3128,transparent,transparent,HTTP/HTTPS
156.228.124.121,3128,transparent,transparent,HTTP/HTTPS
193.233.211.114,8085,transparent,transparent,HTTP/HTTPS
103.24.234.154,8085,transparent,transparent,HTTP/HTTPS
103.24.232.138,8085,transparent,transparent,HTTP/HTTPS
104.207.38.141,3128,transparent,transparent,HTTP/HTTPS
137.59.62.233,8085,transparent,transparent,HTTP/HTTPS
163.53.213.216,8085,transparent,transparent,HTTP/HTTPS
104.207.39.129,3128,transparent,transparent,HTTP/HTTPS
104.207.54.153,3128,transparent,transparent,HTTP/HTTPS
116.206.97.201,8085,transparent,transparent,HTTP/HTTPS
193.31.127.152,8085,transparent,transparent,HTTP/HTTPS
88.218.46.85,8085,transparent,transparent,HTTP/HTTPS
156.228.119.79,3128,transparent,transparent,HTTP/HTTPS
173.234.58.65,8800,transparent,transparent,HTTP/HTTPS
176.126.111.113,8085,transparent,transparent,HTTP/HTTPS
137.59.63.174,8085,transparent,transparent,HTTP/HTTPS
38.170.215.29,8800,transparent,transparent,HTTP/HTTPS
198.199.86.11,8080,transparent,transparent,HTTP/HTTPS
208.109.234.211,8080,transparent,transparent,HTTP/HTTPS
103.65.230.119,8085,transparent,transparent,HTTP/HTTPS
156.228.110.158,3128,transparent,transparent,HTTP/HTTPS
104.207.60.111,3128,transparent,transparent,HTTP/HTTPS
185.77.220.89,8085,transparent,transparent,HTTP/HTTPS
38.154.123.109,8800,transparent,transparent,HTTP/HTTPS
116.206.97.136,8085,transparent,transparent,HTTP/HTTPS
104.207.32.222,3128,transparent,transparent,HTTP/HTTPS
89.19.34.145,8085,transparent,transparent,HTTP/HTTPS
38.170.215.38,8800,transparent,transparent,HTTP/HTTPS
193.202.16.145,8085,transparent,transparent,HTTP/HTTPS
156.228.84.216,3128,transparent,transparent,HTTP/HTTPS
193.56.20.66,8085,transparent,transparent,HTTP/HTTPS
167.253.49.40,8085,transparent,transparent,HTTP/HTTPS
193.56.20.138,8085,transparent,transparent,HTTP/HTTPS
156.228.77.110,3128,transparent,transparent,HTTP/HTTPS
193.202.16.169,8085,transparent,transparent,HTTP/HTTPS
137.59.63.147,8085,transparent,transparent,HTTP/HTTPS
167.253.49.92,8085,transparent,transparent,HTTP/HTTPS
209.97.149.157,80,transparent,transparent,HTTP/HTTPS
173.208.46.182,8800,transparent,transparent,HTTP/HTTPS
156.228.85.98,3128,transparent,transparent,HTTP/HTTPS
167.253.48.111,8085,transparent,transparent,HTTP/HTTPS
156.228.101.191,3128,transparent,transparent,HTTP/HTTPS
103.24.232.83,8085,transparent,transparent,HTTP/HTTPS
89.19.34.159,8085,transparent,transparent,HTTP/HTTPS
194.99.25.149,8085,transparent,transparent,HTTP/HTTPS
88.218.46.82,8085,transparent,transparent,HTTP/HTTPS
104.207.61.16,3128,transparent,transparent,HTTP/HTTPS
156.228.114.74,3128,transparent,transparent,HTTP/HTTPS
193.31.127.243,8085,transparent,transparent,HTTP/HTTPS
194.99.25.235,8085,transparent,transparent,HTTP/HTTPS
156.228.98.40,3128,transparent,transparent,HTTP/HTTPS
194.99.25.62,8085,transparent,transparent,HTTP/HTTPS
193.56.20.245,8085,transparent,transparent,HTTP/HTTPS
156.228.117.119,3128,transparent,transparent,HTTP/HTTPS
104.207.58.128,3128,transparent,transparent,HTTP/HTTPS
156.228.81.114,3128,transparent,transparent,HTTP/HTTPS
103.24.232.200,8085,transparent,transparent,HTTP/HTTPS
74.103.66.15,80,transparent,transparent,HTTP/HTTPS
89.19.34.33,8085,transparent,transparent,HTTP/HTTPS
194.99.25.87,8085,transparent,transparent,HTTP/HTTPS
104.207.37.180,3128,transparent,transparent,HTTP/HTTPS
116.206.97.113,8085,transparent,transparent,HTTP/HTTPS
104.207.33.4,3128,transparent,transparent,HTTP/HTTPS
166.88.172.27,8085,transparent,transparent,HTTP/HTTPS
103.24.235.250,8085,transparent,transparent,HTTP/HTTPS
166.88.172.147,8085,transparent,transparent,HTTP/HTTPS
156.228.89.132,3128,transparent,transparent,HTTP/HTTPS
154.214.1.105,3128,transparent,transparent,HTTP/HTTPS
156.228.95.7,3128,transparent,transparent,HTTP/HTTPS
137.59.63.193,8085,transparent,transparent,HTTP/HTTPS
193.233.210.52,8085,transparent,transparent,HTTP/HTTPS
167.253.49.185,8085,transparent,transparent,HTTP/HTTPS
156.228.88.17,3128,transparent,transparent,HTTP/HTTPS
23.82.137.156,80,anonymous,anonymous,HTTP/HTTPS
18.223.25.15,80,elite proxy,elite proxy,HTTP/HTTPS
52.13.248.29,3128,elite proxy,elite proxy,HTTP/HTTPS
3.12.144.146,3128,elite proxy,elite proxy,HTTP/HTTPS
144.126.216.57,80,anonymous,anonymous,HTTP/HTTPS
98.147.60.146,48678,transparent,transparent,HTTP/HTTPS
43.153.17.69,13001,anonymous,anonymous,HTTP/HTTPS
63.143.57.116,80,anonymous,anonymous,HTTP/HTTPS
35.71.150.105,8080,elite proxy,elite proxy,HTTP/HTTPS
216.229.112.25,8080,elite proxy,elite proxy,HTTP/HTTPS
47.90.205.231,33333,anonymous,anonymous,HTTP/HTTPS
47.252.29.28,11222,elite proxy,elite proxy,HTTP/HTTPS
66.27.58.70,8080,transparent,transparent,HTTP/HTTPS
143.42.191.48,80,anonymous,anonymous,HTTP/HTTPS
68.183.143.134,80,elite proxy,elite proxy,HTTP/HTTPS
47.251.73.54,888,elite proxy,elite proxy,HTTP/HTTPS
130.245.32.202,80,elite proxy,elite proxy,HTTP/HTTPS
104.225.220.233,80,elite proxy,elite proxy,HTTP/HTTPS
23.82.137.158,80,anonymous,anonymous,HTTP/HTTPS
3.21.101.158,3128,elite proxy,elite proxy,HTTP/HTTPS
129.146.177.165,8082,anonymous,anonymous,HTTP/HTTPS
23.82.137.157,80,anonymous,anonymous,HTTP/HTTPS
47.251.87.74,80,elite proxy,elite proxy,HTTP/HTTPS
198.74.51.79,8888,anonymous,anonymous,HTTP/HTTPS
64.20.59.204,8080,transparent,transparent,HTTP/HTTPS
13.88.116.176,3128,transparent,transparent,HTTP/HTTPS
52.26.114.229,1080,elite proxy,elite proxy,HTTP/HTTPS
47.251.122.81,8888,elite proxy,elite proxy,HTTP/HTTPS
54.212.22.168,3128,elite proxy,elite proxy,HTTP/HTTPS
162.214.165.203,80,elite proxy,elite proxy,HTTP/HTTPS
45.61.159.42,3128,anonymous,anonymous,HTTP/HTTPS
97.70.7.157,80,elite proxy,elite proxy,HTTP/HTTPS
165.232.129.150,80,anonymous,anonymous,HTTP/HTTPS
138.68.60.8,80,anonymous,anonymous,HTTP/HTTPS
64.62.219.99,3128,transparent,transparent,HTTP/HTTPS
103.24.234.116,8085,transparent,transparent,HTTP/HTTPS
156.228.78.32,3128,transparent,transparent,HTTP/HTTPS
45.159.23.206,8085,transparent,transparent,HTTP/HTTPS
194.99.25.29,8085,transparent,transparent,HTTP/HTTPS
156.228.94.139,3128,transparent,transparent,HTTP/HTTPS
193.233.210.59,8085,transparent,transparent,HTTP/HTTPS
176.126.111.38,8085,transparent,transparent,HTTP/HTTPS
163.53.213.207,8085,transparent,transparent,HTTP/HTTPS
193.202.16.231,8085,transparent,transparent,HTTP/HTTPS
167.253.48.244,8085,transparent,transparent,HTTP/HTTPS
104.207.48.141,3128,transparent,transparent,HTTP/HTTPS
137.59.63.181,8085,transparent,transparent,HTTP/HTTPS
163.53.213.170,8085,transparent,transparent,HTTP/HTTPS
193.31.127.32,8085,transparent,transparent,HTTP/HTTPS
104.207.43.223,3128,transparent,transparent,HTTP/HTTPS
193.56.20.84,8085,transparent,transparent,HTTP/HTTPS
185.77.221.95,8085,transparent,transparent,HTTP/HTTPS
166.88.171.184,8085,transparent,transparent,HTTP/HTTPS
51.195.248.19,80,elite proxy,elite proxy,HTTP/HTTPS
3.9.71.167,1080,elite proxy,elite proxy,HTTP/HTTPS
18.134.236.231,3128,elite proxy,elite proxy,HTTP/HTTPS
3.10.93.50,80,elite proxy,elite proxy,HTTP/HTTPS
35.178.104.4,3128,elite proxy,elite proxy,HTTP/HTTPS
18.135.211.182,1080,elite proxy,elite proxy,HTTP/HTTPS
18.133.16.21,3128,elite proxy,elite proxy,HTTP/HTTPS
18.135.133.116,80,elite proxy,elite proxy,HTTP/HTTPS
89.46.249.143,13266,transparent,transparent,HTTP/HTTPS
45.135.139.138,6441,transparent,transparent,HTTP/HTTPS
162.220.246.129,6413,transparent,transparent,HTTP/HTTPS
146.103.56.134,5682,transparent,transparent,HTTP/HTTPS
198.105.100.113,6364,transparent,transparent,HTTP/HTTPS
162.220.246.139,6423,transparent,transparent,HTTP/HTTPS
185.226.207.11,5560,transparent,transparent,HTTP/HTTPS
185.226.207.186,5735,transparent,transparent,HTTP/HTTPS
31.59.33.81,6657,transparent,transparent,HTTP/HTTPS
146.103.56.102,5650,transparent,transparent,HTTP/HTTPS
104.143.224.50,5911,transparent,transparent,HTTP/HTTPS
107.181.154.13,5691,transparent,transparent,HTTP/HTTPS
185.226.207.103,5652,transparent,transparent,HTTP/HTTPS
107.181.148.76,5936,transparent,transparent,HTTP/HTTPS
198.105.122.145,6718,transparent,transparent,HTTP/HTTPS
31.59.20.185,6763,transparent,transparent,HTTP/HTTPS
104.143.224.37,5898,transparent,transparent,HTTP/HTTPS
185.226.204.93,5646,transparent,transparent,HTTP/HTTPS
31.59.20.208,6786,transparent,transparent,HTTP/HTTPS
45.43.81.4,5651,transparent,transparent,HTTP/HTTPS
104.143.224.47,5908,transparent,transparent,HTTP/HTTPS
31.58.18.26,6295,transparent,transparent,HTTP/HTTPS
198.105.122.87,6660,transparent,transparent,HTTP/HTTPS
146.103.3.104,7157,transparent,transparent,HTTP/HTTPS
45.43.64.186,6444,transparent,transparent,HTTP/HTTPS
198.105.122.183,6756,transparent,transparent,HTTP/HTTPS
198.105.122.114,6687,transparent,transparent,HTTP/HTTPS
45.135.139.146,6449,transparent,transparent,HTTP/HTTPS
45.43.81.253,5900,transparent,transparent,HTTP/HTTPS
45.43.64.51,6309,transparent,transparent,HTTP/HTTPS
31.59.20.139,6717,transparent,transparent,HTTP/HTTPS
31.59.33.128,6704,transparent,transparent,HTTP/HTTPS
107.181.148.252,6112,transparent,transparent,HTTP/HTTPS
45.43.81.195,5842,transparent,transparent,HTTP/HTTPS
31.59.33.209,6785,transparent,transparent,HTTP/HTTPS
45.43.70.208,6495,transparent,transparent,HTTP/HTTPS
217.69.121.182,5847,transparent,transparent,HTTP/HTTPS
155.254.38.160,5836,transparent,transparent,HTTP/HTTPS
146.103.3.26,7079,transparent,transparent,HTTP/HTTPS
145.223.46.64,5614,transparent,transparent,HTTP/HTTPS
145.223.46.226,5776,transparent,transparent,HTTP/HTTPS
146.103.56.142,5690,transparent,transparent,HTTP/HTTPS
31.59.20.63,6641,transparent,transparent,HTTP/HTTPS
31.58.18.231,6500,transparent,transparent,HTTP/HTTPS
162.220.247.169,6764,transparent,transparent,HTTP/HTTPS
185.226.204.96,5649,transparent,transparent,HTTP/HTTPS
31.58.18.226,6495,transparent,transparent,HTTP/HTTPS
45.43.70.154,6441,transparent,transparent,HTTP/HTTPS
217.69.121.51,5716,transparent,transparent,HTTP/HTTPS
146.103.3.183,7236,transparent,transparent,HTTP/HTTPS
45.135.139.124,6427,transparent,transparent,HTTP/HTTPS
198.105.100.170,6421,transparent,transparent,HTTP/HTTPS
45.43.81.94,5741,transparent,transparent,HTTP/HTTPS
31.59.20.33,6611,transparent,transparent,HTTP/HTTPS
31.58.18.230,6499,transparent,transparent,HTTP/HTTPS
155.254.38.184,5860,transparent,transparent,HTTP/HTTPS
31.59.33.69,6645,transparent,transparent,HTTP/HTTPS
162.220.246.190,6474,transparent,transparent,HTTP/HTTPS
104.143.224.129,5990,transparent,transparent,HTTP/HTTPS
217.69.121.222,5887,transparent,transparent,HTTP/HTTPS
146.103.3.205,7258,transparent,transparent,HTTP/HTTPS
104.248.163.184,3128,elite proxy,elite proxy,HTTP/HTTPS
134.209.29.120,80,anonymous,anonymous,HTTP/HTTPS
195.224.198.222,3128,anonymous,anonymous,HTTP/HTTPS
185.226.207.132,5681,transparent,transparent,HTTP/HTTPS
104.143.224.42,5903,transparent,transparent,HTTP/HTTPS
31.58.18.97,6366,transparent,transparent,HTTP/HTTPS
217.69.121.3,5668,transparent,transparent,HTTP/HTTPS
145.223.46.142,5692,transparent,transparent,HTTP/HTTPS
107.181.154.3,5681,transparent,transparent,HTTP/HTTPS
45.43.64.43,6301,transparent,transparent,HTTP/HTTPS
162.220.246.229,6513,transparent,transparent,HTTP/HTTPS
145.223.46.223,5773,transparent,transparent,HTTP/HTTPS
146.103.3.62,7115,transparent,transparent,HTTP/HTTPS
162.220.246.127,6411,transparent,transparent,HTTP/HTTPS
217.69.121.211,5876,transparent,transparent,HTTP/HTTPS
146.103.56.29,5577,transparent,transparent,HTTP/HTTPS
104.143.224.182,6043,transparent,transparent,HTTP/HTTPS
198.105.122.63,6636,transparent,transparent,HTTP/HTTPS
94.154.127.35,8085,transparent,transparent,HTTP/HTTPS
185.226.204.229,5782,transparent,transparent,HTTP/HTTPS
185.226.207.59,5608,transparent,transparent,HTTP/HTTPS
185.226.207.90,5639,transparent,transparent,HTTP/HTTPS
185.226.207.143,5692,transparent,transparent,HTTP/HTTPS
146.103.56.197,5745,transparent,transparent,HTTP/HTTPS
198.105.122.43,6616,transparent,transparent,HTTP/HTTPS
146.103.56.159,5707,transparent,transparent,HTTP/HTTPS
155.254.38.45,5721,transparent,transparent,HTTP/HTTPS
107.181.154.242,5920,transparent,transparent,HTTP/HTTPS
198.105.111.230,6908,transparent,transparent,HTTP/HTTPS
107.181.148.46,5906,transparent,transparent,HTTP/HTTPS
45.43.64.105,6363,transparent,transparent,HTTP/HTTPS
52.73.224.54,3128,elite proxy,elite proxy,HTTP/HTTPS
50.237.153.241,8081,elite proxy,elite proxy,HTTP/HTTPS
204.236.137.68,80,elite proxy,elite proxy,HTTP/HTTPS
54.248.238.110,80,elite proxy,elite proxy,HTTP/HTTPS
45.140.143.77,18080,elite proxy,elite proxy,HTTP/HTTPS
13.59.156.167,3128,elite proxy,elite proxy,HTTP/HTTPS
54.152.3.36,80,elite proxy,elite proxy,HTTP/HTTPS
52.53.199.188,80,elite proxy,elite proxy,HTTP/HTTPS
51.20.19.159,3128,elite proxy,elite proxy,HTTP/HTTPS
54.228.164.102,3128,elite proxy,elite proxy,HTTP/HTTPS
16.16.239.39,3128,elite proxy,elite proxy,HTTP/HTTPS
54.179.44.51,3128,elite proxy,elite proxy,HTTP/HTTPS
63.32.1.88,3128,elite proxy,elite proxy,HTTP/HTTPS
51.16.179.113,1080,elite proxy,elite proxy,HTTP/HTTPS
3.97.167.115,3128,elite proxy,elite proxy,HTTP/HTTPS
52.16.232.164,3128,elite proxy,elite proxy,HTTP/HTTPS
3.97.176.251,3128,elite proxy,elite proxy,HTTP/HTTPS
52.65.193.254,3128,elite proxy,elite proxy,HTTP/HTTPS
51.17.58.162,3128,elite proxy,elite proxy,HTTP/HTTPS
13.246.184.110,3128,elite proxy,elite proxy,HTTP/HTTPS
51.20.50.149,3128,elite proxy,elite proxy,HTTP/HTTPS
99.80.11.54,3128,elite proxy,elite proxy,HTTP/HTTPS
54.179.39.14,3128,elite proxy,elite proxy,HTTP/HTTPS
13.246.209.48,1080,elite proxy,elite proxy,HTTP/HTTPS
51.16.199.206,3128,elite proxy,elite proxy,HTTP/HTTPS
18.144.36.18,1080,elite proxy,elite proxy,HTTP/HTTPS
52.53.233.156,80,elite proxy,elite proxy,HTTP/HTTPS
3.130.65.162,3128,elite proxy,elite proxy,HTTP/HTTPS
3.129.184.210,80,elite proxy,elite proxy,HTTP/HTTPS
204.236.176.61,3128,elite proxy,elite proxy,HTTP/HTTPS
54.37.214.253,8080,anonymous,anonymous,HTTP/HTTPS
51.91.237.124,8080,anonymous,anonymous,HTTP/HTTPS
52.67.10.183,80,elite proxy,elite proxy,HTTP/HTTPS
3.78.92.159,3128,elite proxy,elite proxy,HTTP/HTTPS
52.196.1.182,80,elite proxy,elite proxy,HTTP/HTTPS
54.233.119.172,3128,elite proxy,elite proxy,HTTP/HTTPS
43.200.77.128,3128,elite proxy,elite proxy,HTTP/HTTPS
3.123.150.192,80,elite proxy,elite proxy,HTTP/HTTPS
18.185.169.150,3128,elite proxy,elite proxy,HTTP/HTTPS
35.79.120.242,3128,elite proxy,elite proxy,HTTP/HTTPS
35.76.62.196,80,elite proxy,elite proxy,HTTP/HTTPS
13.208.56.180,80,elite proxy,elite proxy,HTTP/HTTPS
13.56.192.187,80,elite proxy,elite proxy,HTTP/HTTPS
184.169.154.119,80,elite proxy,elite proxy,HTTP/HTTPS
54.67.125.45,3128,elite proxy,elite proxy,HTTP/HTTPS
44.195.247.145,80,elite proxy,elite proxy,HTTP/HTTPS
44.215.100.135,8118,anonymous,anonymous,HTTP/HTTPS
15.236.106.236,3128,elite proxy,elite proxy,HTTP/HTTPS
13.38.176.104,3128,elite proxy,elite proxy,HTTP/HTTPS
189.240.60.162,9090,elite proxy,elite proxy,HTTP/HTTPS
189.240.60.169,9090,elite proxy,elite proxy,HTTP/HTTPS
189.240.60.168,9090,elite proxy,elite proxy,HTTP/HTTPS
189.240.60.164,9090,elite proxy,elite proxy,HTTP/HTTPS
63.35.64.177,3128,elite proxy,elite proxy,HTTP/HTTPS
3.212.148.199,3128,elite proxy,elite proxy,HTTP/HTTPS
18.228.149.161,80,elite proxy,elite proxy,HTTP/HTTPS
44.218.183.55,80,elite proxy,elite proxy,HTTP/HTTPS
44.219.175.186,80,elite proxy,elite proxy,HTTP/HTTPS
184.168.124.233,5402,elite proxy,elite proxy,HTTP/HTTPS
13.48.109.48,3128,elite proxy,elite proxy,HTTP/HTTPS
43.202.154.212,80,elite proxy,elite proxy,HTTP/HTTPS
34.58.105.225,3128,anonymous,anonymous,HTTP/HTTPS
13.37.73.214,80,elite proxy,elite proxy,HTTP/HTTPS
43.167.165.210,13001,anonymous,anonymous,HTTP/HTTPS
189.240.60.166,9090,elite proxy,elite proxy,HTTP/HTTPS
189.240.60.171,9090,elite proxy,elite proxy,HTTP/HTTPS
3.90.100.12,80,elite proxy,elite proxy,HTTP/HTTPS
13.55.210.141,3128,elite proxy,elite proxy,HTTP/HTTPS
15.156.24.206,3128,elite proxy,elite proxy,HTTP/HTTPS
52.63.129.110,3128,elite proxy,elite proxy,HTTP/HTTPS
18.228.198.164,80,elite proxy,elite proxy,HTTP/HTTPS
18.135.211.182,1080,elite proxy,elite proxy,HTTP/HTTPS
18.133.16.21,3128,elite proxy,elite proxy,HTTP/HTTPS
13.126.79.133,80,elite proxy,elite proxy,HTTP/HTTPS
3.136.29.104,80,elite proxy,elite proxy,HTTP/HTTPS
18.135.133.116,80,elite proxy,elite proxy,HTTP/HTTPS
13.38.153.36,80,elite proxy,elite proxy,HTTP/HTTPS
65.1.244.232,3128,elite proxy,elite proxy,HTTP/HTTPS
13.234.24.116,1080,elite proxy,elite proxy,HTTP/HTTPS
43.201.121.81,80,elite proxy,elite proxy,HTTP/HTTPS
3.37.125.76,3128,elite proxy,elite proxy,HTTP/HTTPS
3.122.84.99,3128,elite proxy,elite proxy,HTTP/HTTPS
3.126.147.182,80,elite proxy,elite proxy,HTTP/HTTPS
52.13.248.29,3128,elite proxy,elite proxy,HTTP/HTTPS
51.195.40.233,28003,elite proxy,elite proxy,HTTP/HTTPS
189.240.60.172,9090,elite proxy,elite proxy,HTTP/HTTPS
18.223.25.15,80,elite proxy,elite proxy,HTTP/HTTPS
49.254.59.64,21414,anonymous,anonymous,HTTP/HTTPS
31.40.248.2,8080,anonymous,anonymous,HTTP/HTTPS
35.71.150.105,8080,elite proxy,elite proxy,HTTP/HTTPS
13.36.104.85,80,anonymous,anonymous,HTTP/HTTPS
13.37.59.99,3128,elite proxy,elite proxy,HTTP/HTTPS
200.60.145.167,8082,anonymous,anonymous,HTTP/HTTPS
3.127.62.252,80,elite proxy,elite proxy,HTTP/HTTPS
3.71.239.218,3128,elite proxy,elite proxy,HTTP/HTTPS
8.217.124.178,49440,elite proxy,elite proxy,HTTP/HTTPS
3.21.101.158,3128,elite proxy,elite proxy,HTTP/HTTPS
72.10.160.170,5475,elite proxy,elite proxy,HTTP/HTTPS
129.146.177.165,8082,anonymous,anonymous,HTTP/HTTPS
13.213.114.238,3128,elite proxy,elite proxy,HTTP/HTTPS
50.207.199.81,80,anonymous,anonymous,HTTP/HTTPS
50.174.7.156,80,anonymous,anonymous,HTTP/HTTPS
50.231.104.58,80,anonymous,anonymous,HTTP/HTTPS
68.185.57.66,80,anonymous,anonymous,HTTP/HTTPS
211.128.96.206,80,anonymous,anonymous,HTTP/HTTPS
97.74.87.226,80,anonymous,anonymous,HTTP/HTTPS
50.207.199.86,80,anonymous,anonymous,HTTP/HTTPS
129.226.155.235,8080,anonymous,anonymous,HTTP/HTTPS
51.195.248.19,80,elite proxy,elite proxy,HTTP/HTTPS
50.217.226.41,80,anonymous,anonymous,HTTP/HTTPS
198.49.68.80,80,elite proxy,elite proxy,HTTP/HTTPS
52.73.224.54,3128,elite proxy,elite proxy,HTTP/HTTPS
50.237.153.241,8081,elite proxy,elite proxy,HTTP/HTTPS
204.236.137.68,80,elite proxy,elite proxy,HTTP/HTTPS
213.143.113.82,80,anonymous,anonymous,HTTP/HTTPS
50.217.226.42,80,anonymous,anonymous,HTTP/HTTPS
50.174.7.158,80,anonymous,anonymous,HTTP/HTTPS
50.217.226.44,80,anonymous,anonymous,HTTP/HTTPS
50.239.72.17,80,anonymous,anonymous,HTTP/HTTPS
50.217.226.43,80,anonymous,anonymous,HTTP/HTTPS
181.41.194.186,80,anonymous,anonymous,HTTP/HTTPS
47.88.59.79,82,anonymous,anonymous,HTTP/HTTPS
50.169.222.243,80,anonymous,anonymous,HTTP/HTTPS
54.248.238.110,80,elite proxy,elite proxy,HTTP/HTTPS
43.156.59.228,80,anonymous,anonymous,HTTP/HTTPS
45.140.143.77,18080,elite proxy,elite proxy,HTTP/HTTPS
13.59.156.167,3128,elite proxy,elite proxy,HTTP/HTTPS
54.152.3.36,80,elite proxy,elite proxy,HTTP/HTTPS
52.53.199.188,80,elite proxy,elite proxy,HTTP/HTTPS
51.20.19.159,3128,elite proxy,elite proxy,HTTP/HTTPS
54.228.164.102,3128,elite proxy,elite proxy,HTTP/HTTPS
16.16.239.39,3128,elite proxy,elite proxy,HTTP/HTTPS
54.179.44.51,3128,elite proxy,elite proxy,HTTP/HTTPS
63.32.1.88,3128,elite proxy,elite proxy,HTTP/HTTPS
51.16.179.113,1080,elite proxy,elite proxy,HTTP/HTTPS
3.97.167.115,3128,elite proxy,elite proxy,HTTP/HTTPS
52.16.232.164,3128,elite proxy,elite proxy,HTTP/HTTPS
3.97.176.251,3128,elite proxy,elite proxy,HTTP/HTTPS
52.65.193.254,3128,elite proxy,elite proxy,HTTP/HTTPS
51.17.58.162,3128,elite proxy,elite proxy,HTTP/HTTPS
13.246.184.110,3128,elite proxy,elite proxy,HTTP/HTTPS
51.20.50.149,3128,elite proxy,elite proxy,HTTP/HTTPS
99.80.11.54,3128,elite proxy,elite proxy,HTTP/HTTPS
54.179.39.14,3128,elite proxy,elite proxy,HTTP/HTTPS
13.246.209.48,1080,elite proxy,elite proxy,HTTP/HTTPS
51.16.199.206,3128,elite proxy,elite proxy,HTTP/HTTPS
123.209.125.179,8080,elite proxy,elite proxy,HTTP/HTTPS
18.144.36.18,1080,elite proxy,elite proxy,HTTP/HTTPS
52.53.233.156,80,elite proxy,elite proxy,HTTP/HTTPS
3.130.65.162,3128,elite proxy,elite proxy,HTTP/HTTPS
3.129.184.210,80,elite proxy,elite proxy,HTTP/HTTPS
204.236.176.61,3128,elite proxy,elite proxy,HTTP/HTTPS
81.169.213.169,8888,anonymous,anonymous,HTTP/HTTPS
54.37.214.253,8080,anonymous,anonymous,HTTP/HTTPS
51.91.237.124,8080,anonymous,anonymous,HTTP/HTTPS
52.67.10.183,80,elite proxy,elite proxy,HTTP/HTTPS
3.78.92.159,3128,elite proxy,elite proxy,HTTP/HTTPS
52.196.1.182,80,elite proxy,elite proxy,HTTP/HTTPS
54.233.119.172,3128,elite proxy,elite proxy,HTTP/HTTPS
43.200.77.128,3128,elite proxy,elite proxy,HTTP/HTTPS
3.123.150.192,80,elite proxy,elite proxy,HTTP/HTTPS
18.185.169.150,3128,elite proxy,elite proxy,HTTP/HTTPS
35.79.120.242,3128,elite proxy,elite proxy,HTTP/HTTPS
35.76.62.196,80,elite proxy,elite proxy,HTTP/HTTPS
13.208.56.180,80,elite proxy,elite proxy,HTTP/HTTPS
23.247.136.248,80,anonymous,anonymous,HTTP/HTTPS
79.127.158.225,8081,anonymous,anonymous,HTTP/HTTPS
85.215.64.49,80,anonymous,anonymous,HTTP/HTTPS
13.56.192.187,80,elite proxy,elite proxy,HTTP/HTTPS
184.169.154.119,80,elite proxy,elite proxy,HTTP/HTTPS
54.67.125.45,3128,elite proxy,elite proxy,HTTP/HTTPS
50.122.86.118,80,anonymous,anonymous,HTTP/HTTPS
50.174.7.152,80,anonymous,anonymous,HTTP/HTTPS
50.207.199.82,80,anonymous,anonymous,HTTP/HTTPS
50.175.212.74,80,anonymous,anonymous,HTTP/HTTPS
203.115.101.51,82,elite proxy,elite proxy,HTTP/HTTPS
190.58.248.86,80,anonymous,anonymous,HTTP/HTTPS
50.221.74.130,80,anonymous,anonymous,HTTP/HTTPS
50.217.226.40,80,anonymous,anonymous,HTTP/HTTPS
50.239.72.16,80,anonymous,anonymous,HTTP/HTTPS
50.175.212.66,80,anonymous,anonymous,HTTP/HTTPS
50.239.72.18,80,anonymous,anonymous,HTTP/HTTPS
50.169.37.50,80,anonymous,anonymous,HTTP/HTTPS
50.202.75.26,80,anonymous,anonymous,HTTP/HTTPS
50.174.7.153,80,anonymous,anonymous,HTTP/HTTPS
50.207.199.83,80,anonymous,anonymous,HTTP/HTTPS
44.195.247.145,80,elite proxy,elite proxy,HTTP/HTTPS
44.215.100.135,8118,anonymous,anonymous,HTTP/HTTPS
15.236.106.236,3128,elite proxy,elite proxy,HTTP/HTTPS
13.38.176.104,3128,elite proxy,elite proxy,HTTP/HTTPS
32.223.6.94,80,anonymous,anonymous,HTTP/HTTPS
50.207.199.87,80,anonymous,anonymous,HTTP/HTTPS
50.174.7.159,80,anonymous,anonymous,HTTP/HTTPS
50.223.246.237,80,anonymous,anonymous,HTTP/HTTPS
189.240.60.162,9090,elite proxy,elite proxy,HTTP/HTTPS
189.240.60.169,9090,elite proxy,elite proxy,HTTP/HTTPS
189.240.60.168,9090,elite proxy,elite proxy,HTTP/HTTPS
189.240.60.164,9090,elite proxy,elite proxy,HTTP/HTTPS
159.203.61.169,3128,anonymous,anonymous,HTTP/HTTPS
78.28.152.113,80,elite proxy,elite proxy,HTTP/HTTPS